candidate_id,rank,score,score_evidence_only,semantic_fit_score,score_evidence,score_supporting,score_fit,score_behavior,score_penalty,career_core,relevant_career_roles,relevant_career_months,total_career_months,consulting_months,product_months,product_company_history,title_trajectory,job_stability,skill_corroboration,negative_flags,anomaly_flags,anomaly_confidence,anomaly_action,semantic_model,semantic_top_concepts
CAND_0081846,1,1.12451608,1.21510470,0.85275022,0.94500000,0.05690000,0.18204000,0.03116470,0.00000000,14,2,79,79,0,79,1.0,0.5000,1.0000,0.8000,,,0.00,none,deterministic-domain-embedding,production scale and operations;ranking evaluation and experimentation;semantic retrieval and information retrieval
CAND_0041611,2,1.10452420,1.21246417,0.78070431,0.98250000,0.05090000,0.17060000,0.00846417,0.00000000,17,3,75,75,0,75,1.0,0.5000,1.0000,0.6000,,,0.00,none,deterministic-domain-embedding,production scale and operations;ranking evaluation and experimentation;semantic retrieval and information retrieval
CAND_0046525,3,1.09448906,1.19021020,0.80732563,0.94750000,0.02880000,0.18200000,0.03191020,0.00000000,13,2,73,73,0,73,1.0,0.5000,1.0000,0.4000,,,0.00,none,deterministic-domain-embedding,production scale and operations;ranking evaluation and experimentation;semantic retrieval and information retrieval
CAND_0046064,4,1.09064040,1.16992330,0.85279171,0.90500000,0.06330000,0.17172000,0.02990330,0.00000000,13,3,106,106,0,106,1.0,0.5000,1.0000,0.6000,,,0.00,none,deterministic-domain-embedding,production scale and operations;ranking evaluation and experimentation;semantic retrieval and information retrieval
CAND_0094759,5,1.08224577,1.18177799,0.78364910,0.94750000,0.04080000,0.18096000,0.01251799,0.00000000,13,3,101,101,0,101,1.0,0.5000,1.0000,0.6000,,,0.00,none,deterministic-domain-embedding,production scale and operations;ranking evaluation and experimentation;semantic retrieval and information retrieval
CAND_0086022,6,1.06563558,1.14475953,0.82826371,0.96750000,0.03240000,0.17700000,0.02785953,0.06000000,13,2,63,63,0,63,1.0,0.5000,1.0000,0.4000,,skill_duration_exceeds_profile_experience:penalize,0.65,penalize,deterministic-domain-embedding,production scale and operations;ranking evaluation and experimentation;semantic retrieval and information retrieval
CAND_0010685,7,1.06103687,1.16322400,0.75447547,0.91466667,0.04530000,0.17676000,0.02649733,0.00000000,14,3,51,79,0,79,1.0,0.5000,1.0000,0.6000,,,0.00,none,deterministic-domain-embedding,production scale and operations;ranking evaluation and experimentation;semantic retrieval and information retrieval
CAND_0077337,8,1.05987077,1.17409617,0.71719458,0.91250000,0.04970000,0.17941500,0.03248117,0.00000000,14,4,83,83,0,83,1.0,0.6250,0.9375,0.6000,,,0.00,none,deterministic-domain-embedding,production scale and operations;ranking evaluation and experimentation;semantic retrieval and information retrieval
CAND_0005649,9,1.03594490,1.11761220,0.79094301,0.84866667,0.05990000,0.18050000,0.02854553,0.00000000,11,2,34,88,0,88,1.0,0.6250,1.0000,0.6000,,,0.00,none,deterministic-domain-embedding,production scale and operations;ranking evaluation and experimentation;semantic retrieval and information retrieval
CAND_0008425,10,1.02150040,1.08282680,0.83752119,0.81300000,0.07200000,0.16876000,0.02906680,0.00000000,10,3,92,92,0,92,1.0,0.5000,1.0000,0.8000,,,0.00,none,deterministic-domain-embedding,production scale and operations;ranking evaluation and experimentation;semantic retrieval and information retrieval
CAND_0018499,11,1.00689200,1.07636180,0.79848259,0.80733333,0.05220000,0.18600000,0.03082847,0.00000000,11,3,86,86,0,86,1.0,0.5000,1.0000,0.6000,,,0.00,none,deterministic-domain-embedding,production scale and operations;ranking evaluation and experimentation;semantic retrieval and information retrieval
CAND_0080766,12,0.99826251,1.09822273,0.69838183,0.85250000,0.04370000,0.17950000,0.02252273,0.00000000,14,4,105,105,0,105,1.0,0.6250,1.0000,0.6000,research_only,,0.00,none,deterministic-domain-embedding,production scale and operations;ranking evaluation and experimentation;semantic retrieval and information retrieval
CAND_0092278,13,0.99325127,1.05008283,0.82275659,0.83333333,0.03120000,0.17800000,0.00754950,0.00000000,14,3,80,80,0,80,1.0,0.5000,1.0000,0.4000,,,0.00,none,deterministic-domain-embedding,production scale and operations;ranking evaluation and experimentation;semantic retrieval and information retrieval
CAND_0060054,14,0.97545745,1.04002550,0.78175328,0.79100000,0.04650000,0.18204000,0.02048550,0.00000000,12,3,76,76,0,76,1.0,0.5000,1.0000,0.4000,,,0.00,none,deterministic-domain-embedding,production scale and operations;ranking evaluation and experimentation;semantic retrieval and information retrieval
CAND_0086151,15,0.96488494,1.01770270,0.80643168,0.78400000,0.03870000,0.17004000,0.02496270,0.00000000,12,3,91,91,0,91,1.0,0.5000,1.0000,0.4000,,,0.00,none,deterministic-domain-embedding,production scale and operations;ranking evaluation and experimentation;semantic retrieval and information retrieval
CAND_0061265,16,0.95995601,1.01365013,0.79887364,0.77566667,0.03870000,0.17150000,0.02778347,0.00000000,10,2,42,78,0,78,1.0,0.3750,1.0000,0.8000,,,0.00,none,deterministic-domain-embedding,production scale and operations;semantic retrieval and information retrieval;end-to-end ownership
CAND_0030953,17,0.95422190,1.02652183,0.73732210,0.78100000,0.05270000,0.17267000,0.02015183,0.00000000,13,4,85,92,0,92,1.0,0.5000,0.9950,0.6000,,,0.00,none,deterministic-domain-embedding,production scale and operations;ranking evaluation and experimentation;semantic retrieval and information retrieval
CAND_0057563,18,0.95259369,1.00900213,0.78336835,0.78400000,0.02670000,0.17554000,0.02276213,0.00000000,12,3,80,80,0,80,1.0,0.3750,1.0000,0.4000,,,0.00,none,deterministic-domain-embedding,production scale and operations;ranking evaluation and experimentation;semantic retrieval and information retrieval
CAND_0081686,19,0.95081794,1.00532857,0.78728606,0.78400000,0.03630000,0.16110000,0.02392857,0.00000000,12,3,71,71,0,71,1.0,0.5000,1.0000,0.6000,,,0.00,none,deterministic-domain-embedding,production scale and operations;ranking evaluation and experimentation;semantic retrieval and information retrieval
CAND_0053695,20,0.94527525,1.00136310,0.77701171,0.76666667,0.03570000,0.17172000,0.02727643,0.00000000,14,3,68,68,0,68,1.0,0.5000,1.0000,0.2000,,,0.00,none,deterministic-domain-embedding,production scale and operations;ranking evaluation and experimentation;semantic retrieval and information retrieval
CAND_0043228,21,0.94511570,1.01169627,0.74537400,0.77566667,0.03870000,0.17421000,0.02311960,0.00000000,10,2,36,80,0,80,1.0,0.5000,0.8583,0.8000,,,0.00,none,deterministic-domain-embedding,production scale and operations;semantic retrieval and information retrieval;end-to-end ownership
CAND_0044883,22,0.94451466,1.00319000,0.76848866,0.76866667,0.04670000,0.16260000,0.02522333,0.00000000,11,2,46,74,0,74,1.0,0.5000,1.0000,0.4000,,,0.00,none,deterministic-domain-embedding,production scale and operations;ranking evaluation and experimentation;semantic retrieval and information retrieval
CAND_0028793,23,0.93733632,0.99347593,0.76891748,0.74800000,0.04670000,0.17004000,0.02873593,0.00000000,11,2,45,85,0,85,1.0,0.5000,1.0000,0.6000,,,0.00,none,deterministic-domain-embedding,production scale and operations;ranking evaluation and experimentation;semantic retrieval and information retrieval
CAND_0079387,24,0.92095163,0.97080993,0.77137672,0.72333333,0.04010000,0.17676000,0.03061660,0.00000000,9,2,41,81,0,81,1.0,0.5000,1.0000,0.8000,,,0.00,none,deterministic-domain-embedding,production scale and operations;ranking evaluation and experimentation;semantic retrieval and information retrieval
CAND_0005260,25,0.91951820,0.94542262,0.84180494,0.76733333,0.04140000,0.17300000,0.02368929,0.06000000,11,2,61,61,0,61,1.0,0.5000,1.0000,0.2000,,skill_duration_exceeds_profile_experience:penalize,0.65,penalize,deterministic-domain-embedding,production scale and operations;ranking evaluation and experimentation;semantic retrieval and information retrieval
CAND_0027691,26,0.90846825,0.94836617,0.78877450,0.69566667,0.03990000,0.18600000,0.02679950,0.00000000,10,2,49,76,0,76,1.0,0.5000,1.0000,0.8000,,,0.00,none,deterministic-domain-embedding,production scale and operations;ranking evaluation and experimentation;semantic retrieval and information retrieval
CAND_0051292,27,0.90821865,0.97736955,0.70076594,0.74100000,0.03770000,0.17172000,0.02694955,0.00000000,11,2,44,60,0,60,1.0,0.5000,1.0000,0.4000,,,0.00,none,deterministic-domain-embedding,ranking evaluation and experimentation;semantic retrieval and information retrieval;end-to-end ownership
CAND_0071974,28,0.90570856,0.93305397,0.82367233,0.67633333,0.05610000,0.17026000,0.03036063,0.00000000,9,3,92,92,0,92,1.0,0.3750,1.0000,0.6000,,,0.00,none,deterministic-domain-embedding,production scale and operations;semantic retrieval and information retrieval;end-to-end ownership
CAND_0070398,29,0.89134727,0.92353027,0.79479827,0.66866667,0.05730000,0.17004000,0.02752360,0.00000000,10,3,85,85,0,85,1.0,0.5000,1.0000,0.8000,,,0.00,none,deterministic-domain-embedding,ranking evaluation and experimentation;production scale and operations;semantic retrieval and information retrieval
CAND_0044222,30,0.89123843,0.92026473,0.80415953,0.66866667,0.04890000,0.17276000,0.02993807,0.00000000,10,2,92,92,0,92,1.0,0.5000,1.0000,0.6000,,,0.00,none,deterministic-domain-embedding,production scale and operations;ranking evaluation and experimentation;semantic retrieval and information retrieval
CAND_0013613,31,0.88971265,0.93181703,0.76339951,0.79100000,0.03210000,0.14259000,0.02612703,0.06000000,12,3,55,55,0,55,1.0,0.5000,0.8583,0.4000,,skill_duration_exceeds_profile_experience:penalize,0.65,penalize,deterministic-domain-embedding,production scale and operations;ranking evaluation and experimentation;semantic retrieval and information retrieval
CAND_0062247,32,0.87308861,0.91393438,0.75055128,0.66166667,0.04110000,0.18204000,0.02912771,0.00000000,10,2,87,87,0,87,1.0,0.5000,1.0000,0.8000,,,0.00,none,deterministic-domain-embedding,semantic retrieval and information retrieval;end-to-end ownership;ranking and relevance optimization
CAND_0093912,33,0.85749928,0.91001100,0.69996413,0.66166667,0.04230000,0.17422000,0.03182433,0.00000000,10,3,62,62,0,62,1.0,0.6250,1.0000,0.8000,,,0.00,none,deterministic-domain-embedding,semantic retrieval and information retrieval;end-to-end ownership;ranking and relevance optimization
CAND_0088025,34,0.85635438,0.89617360,0.73689673,0.64616667,0.05090000,0.16622000,0.03288693,0.00000000,8,3,102,102,0,102,1.0,0.6250,1.0000,0.8000,,,0.00,none,deterministic-domain-embedding,production scale and operations;ranking evaluation and experimentation;semantic retrieval and information retrieval
CAND_0050454,35,0.85274705,0.90446333,0.69759820,0.66166667,0.02910000,0.18600000,0.02769667,0.00000000,10,3,81,81,0,81,1.0,0.5000,1.0000,0.6000,,,0.00,none,deterministic-domain-embedding,semantic retrieval and information retrieval;end-to-end ownership;ranking and relevance optimization
CAND_0018722,36,0.85082023,0.88361580,0.75243352,0.66166667,0.02790000,0.16260000,0.03144913,0.00000000,10,3,78,78,0,78,1.0,0.5000,1.0000,0.4000,,,0.00,none,deterministic-domain-embedding,ranking evaluation and experimentation;semantic retrieval and information retrieval;end-to-end ownership
CAND_0039383,37,0.84508170,0.88177423,0.73500412,0.62866667,0.04770000,0.17800000,0.02740757,0.00000000,10,3,84,84,0,84,1.0,0.5000,1.0000,0.6000,,,0.00,none,deterministic-domain-embedding,production scale and operations;ranking evaluation and experimentation;semantic retrieval and information retrieval
CAND_0070485,38,0.84443441,0.87174780,0.76249426,0.66166667,0.01950000,0.16476000,0.02582113,0.00000000,10,2,76,76,0,76,1.0,0.5000,1.0000,0.4000,,,0.00,none,deterministic-domain-embedding,semantic retrieval and information retrieval;end-to-end ownership;ranking and relevance optimization
CAND_0005538,39,0.84336814,0.88122600,0.72979456,0.67033333,0.01680000,0.16259500,0.03149767,0.00000000,9,4,69,69,0,69,1.0,0.5000,0.9375,0.2000,research_only,,0.00,none,deterministic-domain-embedding,production scale and operations;ranking evaluation and experimentation;semantic retrieval and information retrieval
CAND_0051630,40,0.84275561,0.87623157,0.74232774,0.66166667,0.02550000,0.16876000,0.02030490,0.00000000,10,2,71,71,0,71,1.0,0.5000,1.0000,0.6000,,,0.00,none,deterministic-domain-embedding,semantic retrieval and information retrieval;end-to-end ownership;ranking and relevance optimization
CAND_0068811,41,0.83184295,0.86874645,0.72113246,0.63166667,0.02420000,0.18600000,0.02687978,0.00000000,9,2,44,95,0,95,1.0,0.5000,1.0000,0.2000,,,0.00,none,deterministic-domain-embedding,production scale and operations;ranking evaluation and experimentation;end-to-end ownership
CAND_0044855,42,0.82620578,0.83517670,0.79929304,0.58266667,0.04970000,0.18054000,0.02227003,0.00000000,9,2,47,78,0,78,1.0,0.6250,1.0000,0.8000,,,0.00,none,deterministic-domain-embedding,ranking evaluation and experimentation;production scale and operations;semantic retrieval and information retrieval
CAND_0054394,43,0.82529196,0.83666167,0.79118286,0.66166667,0.03510000,0.17004000,0.02985500,0.06000000,10,2,48,48,0,48,1.0,0.5000,1.0000,0.4000,,skill_duration_exceeds_profile_experience:penalize,0.65,penalize,deterministic-domain-embedding,ranking evaluation and experimentation;semantic retrieval and information retrieval;end-to-end ownership
CAND_0026532,44,0.82256006,0.81752717,0.83765873,0.59666667,0.03750000,0.15808000,0.02528050,0.00000000,8,2,56,56,0,56,1.0,0.5000,1.0000,0.4000,,,0.00,none,deterministic-domain-embedding,production scale and operations;ranking evaluation and experimentation;semantic retrieval and information retrieval
CAND_0064326,45,0.82000984,0.86933223,0.67204267,0.60700000,0.04760000,0.18200000,0.03273223,0.00000000,11,3,67,91,0,91,1.0,0.5000,1.0000,0.4000,,,0.00,none,deterministic-domain-embedding,production scale and operations;ranking evaluation and experimentation;end-to-end ownership
CAND_0096172,46,0.81782240,0.81857379,0.81556821,0.59666667,0.03150000,0.16772000,0.02268712,0.00000000,8,2,61,61,0,61,1.0,0.5000,1.0000,0.6000,,,0.00,none,deterministic-domain-embedding,production scale and operations;ranking evaluation and experimentation;semantic retrieval and information retrieval
CAND_0030827,47,0.80516200,0.81999223,0.76067132,0.66166667,0.04110000,0.15056000,0.02666557,0.06000000,10,2,64,64,0,64,1.0,0.6250,1.0000,0.8000,,skill_duration_exceeds_profile_experience:penalize,0.65,penalize,deterministic-domain-embedding,semantic retrieval and information retrieval;end-to-end ownership;ranking and relevance optimization
CAND_0075249,48,0.80384592,0.79258431,0.83763074,0.55666667,0.03510000,0.17276000,0.02805765,0.00000000,8,2,74,74,0,74,1.0,0.5000,1.0000,0.6000,,,0.00,none,deterministic-domain-embedding,production scale and operations;ranking evaluation and experimentation;semantic retrieval and information retrieval
CAND_0076904,49,0.80271512,0.81313217,0.77146399,0.66166667,0.04230000,0.14364000,0.02552550,0.06000000,10,2,49,49,0,49,1.0,0.6250,1.0000,0.6000,,skill_duration_exceeds_profile_experience:penalize,0.65,penalize,deterministic-domain-embedding,ranking evaluation and experimentation;semantic retrieval and information retrieval;end-to-end ownership
CAND_0041669,50,0.80151769,0.81232357,0.76910008,0.57100000,0.03140000,0.17945000,0.03047357,0.00000000,9,2,43,95,0,95,1.0,0.5000,0.8583,0.2000,,,0.00,none,deterministic-domain-embedding,production scale and operations;ranking evaluation and experimentation;end-to-end ownership
CAND_0032515,51,0.79394435,0.82906440,0.68858421,0.67766667,0.03180000,0.15606000,0.02353773,0.06000000,10,2,38,60,0,60,1.0,0.5000,1.0000,0.2000,,skill_duration_exceeds_profile_experience:penalize,0.65,penalize,deterministic-domain-embedding,production scale and operations;ranking evaluation and experimentation;end-to-end ownership
CAND_0011162,52,0.79231065,0.81443647,0.72593320,0.63766667,0.03780000,0.16900000,0.02996980,0.06000000,10,2,40,68,0,68,1.0,0.5000,1.0000,0.2000,,skill_duration_exceeds_profile_experience:penalize,0.65,penalize,deterministic-domain-embedding,production scale and operations;ranking evaluation and experimentation;end-to-end ownership
CAND_0041568,53,0.78938791,0.78425400,0.80478964,0.57100000,0.03500000,0.15206000,0.02619400,0.00000000,9,2,47,61,0,61,1.0,0.5000,1.0000,0.2000,,,0.00,none,deterministic-domain-embedding,ranking evaluation and experimentation;production scale and operations;end-to-end ownership
CAND_0006567,54,0.78812219,0.79193353,0.77668816,0.55183333,0.02640000,0.18200000,0.03170020,0.00000000,9,3,94,94,0,94,1.0,0.5000,1.0000,0.4000,research_only,,0.00,none,deterministic-domain-embedding,production scale and operations;ranking evaluation and experimentation;semantic retrieval and information retrieval
CAND_0031593,55,0.78543958,0.79548720,0.75529671,0.57100000,0.02420000,0.17404000,0.02624720,0.00000000,9,2,71,92,0,92,1.0,0.5000,1.0000,0.2000,,,0.00,none,deterministic-domain-embedding,production scale and operations;ranking evaluation and experimentation;end-to-end ownership
CAND_0041610,56,0.77909319,0.80258577,0.70861546,0.56266667,0.02900000,0.18091500,0.03000410,0.00000000,7,2,38,79,0,79,1.0,0.5000,0.9375,0.4000,,,0.00,none,deterministic-domain-embedding,production scale and operations;end-to-end ownership;ranking and relevance optimization
CAND_0042100,57,0.77817100,0.79035426,0.74162125,0.56366667,0.03900000,0.16010000,0.02758759,0.00000000,10,2,86,86,0,86,1.0,0.3750,1.0000,0.4000,,,0.00,none,deterministic-domain-embedding,production scale and operations;ranking evaluation and experimentation;end-to-end ownership
CAND_0094056,58,0.77411329,0.76567615,0.79942471,0.53733333,0.04230000,0.16350000,0.02254281,0.00000000,5,1,36,70,0,70,1.0,0.5000,1.0000,0.8000,,,0.00,none,deterministic-domain-embedding,production scale and operations;semantic retrieval and information retrieval;end-to-end ownership
CAND_0022812,59,0.77278390,0.78673333,0.73093561,0.63766667,0.02940000,0.15953000,0.02013667,0.06000000,10,2,47,53,0,53,1.0,0.5000,0.8583,0.0000,,skill_duration_exceeds_profile_experience:penalize,0.65,penalize,deterministic-domain-embedding,production scale and operations;ranking evaluation and experimentation;end-to-end ownership
CAND_0075574,60,0.77267799,0.79372553,0.70953535,0.60700000,0.04640000,0.17045000,0.02987553,0.06000000,11,2,60,68,0,68,1.0,0.5000,0.8583,0.4000,,skill_duration_exceeds_profile_experience:penalize,0.65,penalize,deterministic-domain-embedding,production scale and operations;ranking evaluation and experimentation;end-to-end ownership
CAND_0076251,61,0.76970968,0.77525933,0.75306071,0.53733333,0.03870000,0.17404000,0.02518600,0.00000000,5,1,30,91,0,91,1.0,0.5000,1.0000,0.8000,,,0.00,none,deterministic-domain-embedding,production scale and operations;semantic retrieval and information retrieval;end-to-end ownership
CAND_0030348,62,0.76932085,0.75277167,0.81896841,0.59666667,0.02670000,0.16354000,0.02586500,0.06000000,8,2,53,53,0,53,1.0,0.3750,1.0000,0.6000,,skill_duration_exceeds_profile_experience:penalize,0.65,penalize,deterministic-domain-embedding,production scale and operations;ranking evaluation and experimentation;semantic retrieval and information retrieval
CAND_0058575,63,0.76486320,0.76306473,0.77025859,0.60333333,0.02930000,0.16250000,0.02793140,0.06000000,6,1,24,69,0,69,1.0,0.5000,1.0000,0.4000,,skill_duration_exceeds_profile_experience:penalize,0.65,penalize,deterministic-domain-embedding,production scale and operations;ranking evaluation and experimentation;semantic retrieval and information retrieval
CAND_0098846,64,0.76485748,0.78593354,0.70162932,0.56266667,0.02180000,0.17195667,0.02951020,0.00000000,7,1,25,90,0,90,1.0,0.5000,1.0000,0.2000,,,0.00,none,deterministic-domain-embedding,production scale and operations;ranking evaluation and experimentation;end-to-end ownership
CAND_0066376,65,0.76278470,0.73939500,0.83295382,0.55666667,0.04470000,0.17046000,0.02756833,0.06000000,8,2,67,67,0,67,1.0,0.3750,1.0000,0.6000,,skill_duration_exceeds_profile_experience:penalize,0.65,penalize,deterministic-domain-embedding,production scale and operations;ranking evaluation and experimentation;semantic retrieval and information retrieval
CAND_0030468,66,0.76147691,0.76528517,0.75005216,0.58950000,0.03120000,0.17300000,0.03158517,0.06000000,7,3,64,64,0,64,1.0,0.5000,1.0000,0.6000,research_only,skill_duration_exceeds_profile_experience:penalize,0.65,penalize,deterministic-domain-embedding,production scale and operations;ranking evaluation and experimentation;semantic retrieval and information retrieval
CAND_0099401,67,0.75992847,0.77785527,0.70614807,0.56566667,0.01680000,0.17404000,0.02134860,0.00000000,8,2,41,90,0,90,1.0,0.5000,1.0000,0.0000,,,0.00,none,deterministic-domain-embedding,production scale and operations;ranking evaluation and experimentation;end-to-end ownership
CAND_0011687,68,0.75505072,0.72133530,0.85619699,0.45100000,0.06090000,0.17676000,0.03267530,0.00000000,5,2,92,92,0,92,1.0,0.5000,1.0000,0.6000,,,0.00,none,deterministic-domain-embedding,production scale and operations;ranking evaluation and experimentation;semantic retrieval and information retrieval
CAND_0054123,69,0.75420920,0.72131612,0.85288842,0.55666667,0.03870000,0.16109000,0.02485946,0.06000000,8,2,55,55,0,55,1.0,0.5000,0.7250,0.6000,,skill_duration_exceeds_profile_experience:penalize,0.65,penalize,deterministic-domain-embedding,ranking evaluation and experimentation;production scale and operations;semantic retrieval and information retrieval
CAND_0069905,70,0.75032105,0.74530230,0.76537731,0.50266667,0.03890000,0.17404000,0.02969563,0.00000000,6,2,65,78,0,78,1.0,0.5000,1.0000,0.6000,,,0.00,none,deterministic-domain-embedding,ranking evaluation and experimentation;semantic retrieval and information retrieval;end-to-end ownership
CAND_0007411,71,0.74700074,0.70958600,0.85924497,0.45100000,0.06690000,0.18204000,0.00964600,0.00000000,5,2,95,95,0,95,1.0,0.5000,1.0000,0.8000,,,0.00,none,deterministic-domain-embedding,production scale and operations;ranking evaluation and experimentation;semantic retrieval and information retrieval
CAND_0006557,72,0.74324048,0.72429533,0.80007594,0.50500000,0.02280000,0.17004000,0.02645533,0.00000000,8,2,94,94,0,94,1.0,0.5000,1.0000,0.0000,,,0.00,none,deterministic-domain-embedding,production scale and operations;ranking evaluation and experimentation;end-to-end ownership
CAND_0018549,73,0.74033573,0.72700213,0.78033652,0.50500000,0.01560000,0.17804000,0.02836213,0.00000000,8,2,81,81,0,81,1.0,0.5000,1.0000,0.0000,,,0.00,none,deterministic-domain-embedding,production scale and operations;ranking evaluation and experimentation;end-to-end ownership
CAND_0002025,74,0.73907696,0.71095323,0.82344814,0.46766667,0.03900000,0.17172000,0.03256657,0.00000000,6,2,70,70,0,70,1.0,0.5000,1.0000,0.0000,,,0.00,none,deterministic-domain-embedding,production scale and operations;end-to-end ownership;ranking and relevance optimization
CAND_0000031,75,0.73614191,0.76792510,0.64079234,0.52366667,0.03300000,0.18200000,0.02925844,0.00000000,10,4,70,70,0,70,1.0,0.5000,1.0000,0.2000,,,0.00,none,deterministic-domain-embedding,production scale and operations;ranking evaluation and experimentation;end-to-end ownership
CAND_0007412,76,0.73337121,0.76859350,0.62770432,0.52700000,0.03800000,0.17391000,0.02968350,0.00000000,11,2,27,87,0,87,1.0,0.5000,0.9950,0.4000,,,0.00,none,deterministic-domain-embedding,ranking evaluation and experimentation;production scale and operations;end-to-end ownership
CAND_0070202,77,0.73176160,0.71164367,0.79211542,0.50500000,0.02040000,0.16372000,0.02252367,0.00000000,8,2,61,61,0,61,1.0,0.5000,1.0000,0.2000,,,0.00,none,deterministic-domain-embedding,production scale and operations;ranking evaluation and experimentation;end-to-end ownership
CAND_0066999,78,0.72928798,0.72333490,0.74714723,0.49666667,0.01920000,0.17846000,0.02900823,0.00000000,6,1,49,70,0,70,1.0,0.3750,1.0000,0.0000,,,0.00,none,deterministic-domain-embedding,production scale and operations;end-to-end ownership;ranking and relevance optimization
CAND_0077285,79,0.72547325,0.71739860,0.74969720,0.47866667,0.04400000,0.16517000,0.02956193,0.00000000,6,1,42,65,0,65,1.0,0.5000,0.8583,0.2000,,,0.00,none,deterministic-domain-embedding,production scale and operations;ranking evaluation and experimentation;end-to-end ownership
CAND_0014440,80,0.72485402,0.72143983,0.73509656,0.49666667,0.02040000,0.17276000,0.03161317,0.00000000,6,2,62,76,0,76,1.0,0.5000,1.0000,0.0000,,,0.00,none,deterministic-domain-embedding,production scale and operations;ranking evaluation and experimentation;end-to-end ownership
CAND_0027801,81,0.72026650,0.70103113,0.77797260,0.45733333,0.04110000,0.17400000,0.02859780,0.00000000,5,2,53,87,0,87,1.0,0.5000,1.0000,0.8000,,,0.00,none,deterministic-domain-embedding,production scale and operations;ranking evaluation and experimentation;semantic retrieval and information retrieval
CAND_0068351,82,0.71533359,0.71830950,0.70640587,0.48433333,0.02760000,0.18345000,0.02292617,0.00000000,7,3,76,76,0,76,1.0,0.5000,0.8583,0.4000,research_only,,0.00,none,deterministic-domain-embedding,ranking evaluation and experimentation;production scale and operations;semantic retrieval and information retrieval
CAND_0010257,83,0.71392246,0.71578850,0.70832436,0.48166667,0.02940000,0.17400000,0.03072183,0.00000000,7,2,40,77,0,77,1.0,0.5000,1.0000,0.2000,,,0.00,none,deterministic-domain-embedding,production scale and operations;ranking evaluation and experimentation;end-to-end ownership
CAND_0049538,84,0.71282804,0.71356063,0.71063028,0.49666667,0.02280000,0.16917000,0.02492397,0.00000000,6,1,40,68,0,68,1.0,0.5000,0.8583,0.2000,,,0.00,none,deterministic-domain-embedding,production scale and operations;end-to-end ownership;ranking and relevance optimization
CAND_0047721,85,0.71033659,0.68250160,0.79384158,0.46500000,0.01920000,0.17654000,0.02176160,0.00000000,8,2,84,84,0,84,1.0,0.6250,1.0000,0.2000,,,0.00,none,deterministic-domain-embedding,production scale and operations;ranking evaluation and experimentation;end-to-end ownership
CAND_0064270,86,0.70619522,0.69203500,0.74867588,0.52366667,0.04260000,0.16604000,0.01972833,0.06000000,10,2,50,50,0,50,1.0,0.5000,1.0000,0.4000,,skill_duration_exceeds_profile_experience:penalize,0.65,penalize,deterministic-domain-embedding,production scale and operations;ranking evaluation and experimentation;end-to-end ownership
CAND_0050876,87,0.70405458,0.71595010,0.66836801,0.50500000,0.01440000,0.16621000,0.03034010,0.00000000,8,3,71,71,0,71,1.0,0.5000,0.8583,0.0000,,,0.00,none,deterministic-domain-embedding,production scale and operations;ranking evaluation and experimentation;end-to-end ownership
CAND_0016163,88,0.70087305,0.68763734,0.74058018,0.45733333,0.02670000,0.17400000,0.02960400,0.00000000,5,1,40,79,0,79,1.0,0.5000,1.0000,0.4000,,,0.00,none,deterministic-domain-embedding,production scale and operations;semantic retrieval and information retrieval;end-to-end ownership
CAND_0079064,89,0.69985708,0.67913447,0.76202492,0.50266667,0.03410000,0.17146000,0.03090780,0.06000000,6,1,44,62,0,62,1.0,0.6250,1.0000,0.4000,,skill_duration_exceeds_profile_experience:penalize,0.65,penalize,deterministic-domain-embedding,semantic retrieval and information retrieval;end-to-end ownership;ranking and relevance optimization
CAND_0030031,90,0.69750648,0.69387240,0.70840872,0.52166667,0.03540000,0.17172000,0.02508574,0.06000000,7,2,40,67,0,67,1.0,0.5000,1.0000,0.2000,,skill_duration_exceeds_profile_experience:penalize,0.65,penalize,deterministic-domain-embedding,production scale and operations;ranking evaluation and experimentation;end-to-end ownership
CAND_0078042,91,0.69747767,0.67395527,0.76804488,0.52366667,0.03660000,0.14914000,0.02454860,0.06000000,10,2,56,56,0,56,1.0,0.5000,1.0000,0.2000,,skill_duration_exceeds_profile_experience:penalize,0.65,penalize,deterministic-domain-embedding,ranking evaluation and experimentation;production scale and operations;end-to-end ownership
CAND_0024620,92,0.69551022,0.68876980,0.71573149,0.49666667,0.01320000,0.15089333,0.02800980,0.00000000,6,1,14,70,0,70,1.0,0.5000,1.0000,0.0000,,,0.00,none,deterministic-domain-embedding,production scale and operations;end-to-end ownership;ranking and relevance optimization
CAND_0052335,93,0.69522758,0.67739390,0.74872860,0.46200000,0.02060000,0.16660000,0.02819390,0.00000000,7,1,44,76,0,76,1.0,0.5000,1.0000,0.2000,,,0.00,none,deterministic-domain-embedding,ranking evaluation and experimentation;end-to-end ownership;ranking and relevance optimization
CAND_0096142,94,0.69263447,0.66474317,0.77630838,0.42100000,0.04380000,0.16896000,0.03098317,0.00000000,7,2,60,60,0,60,1.0,0.5000,1.0000,0.2000,,,0.00,none,deterministic-domain-embedding,production scale and operations;ranking evaluation and experimentation;end-to-end ownership
CAND_0020877,95,0.68759237,0.67782790,0.71688578,0.50266667,0.03890000,0.17379333,0.02246790,0.06000000,6,1,38,60,0,60,1.0,0.3750,1.0000,0.6000,,skill_duration_exceeds_profile_experience:penalize,0.65,penalize,deterministic-domain-embedding,semantic retrieval and information retrieval;end-to-end ownership;ranking evaluation and experimentation
CAND_0045250,96,0.68737067,0.65493133,0.78468868,0.41266667,0.03540000,0.18600000,0.02086467,0.00000000,5,1,46,78,0,78,1.0,0.5000,1.0000,0.0000,,,0.00,none,deterministic-domain-embedding,production scale and operations;ranking evaluation and experimentation;end-to-end ownership
CAND_0036184,97,0.68127247,0.66963137,0.71619580,0.42333333,0.03870000,0.17676000,0.03083803,0.00000000,5,2,71,71,0,71,1.0,0.5000,1.0000,0.6000,,,0.00,none,deterministic-domain-embedding,semantic retrieval and information retrieval;end-to-end ownership;recommendation and personalization
CAND_0091909,98,0.67948674,0.66038387,0.73679536,0.42100000,0.03540000,0.17804000,0.02594387,0.00000000,7,2,82,82,0,82,1.0,0.5000,1.0000,0.4000,,,0.00,none,deterministic-domain-embedding,production scale and operations;ranking evaluation and experimentation;end-to-end ownership
CAND_0007009,99,0.67717395,0.67168866,0.69362981,0.42266667,0.04010000,0.18283333,0.02608866,0.00000000,6,1,32,94,0,94,1.0,0.5000,1.0000,0.8000,,,0.00,none,deterministic-domain-embedding,semantic retrieval and information retrieval;end-to-end ownership;ranking and relevance optimization
CAND_0040887,100,0.67436771,0.64954870,0.74882473,0.50266667,0.03170000,0.14419000,0.03099203,0.06000000,6,1,46,55,0,55,1.0,0.5000,0.7250,0.4000,,skill_duration_exceeds_profile_experience:penalize,0.65,penalize,deterministic-domain-embedding,semantic retrieval and information retrieval;end-to-end ownership;ranking and relevance optimization
CAND_0012957,101,0.67245635,0.63229500,0.79294041,0.50500000,0.00840000,0.15408000,0.02481500,0.06000000,8,2,58,58,0,58,1.0,0.5000,1.0000,0.0000,,skill_duration_exceeds_profile_experience:penalize,0.65,penalize,deterministic-domain-embedding,production scale and operations;ranking evaluation and experimentation;end-to-end ownership
CAND_0029367,102,0.67237707,0.66964230,0.68058139,0.50266667,0.03410000,0.16367000,0.02920563,0.06000000,6,2,59,67,0,67,1.0,0.6250,0.8583,0.6000,,skill_duration_exceeds_profile_experience:penalize,0.65,penalize,deterministic-domain-embedding,semantic retrieval and information retrieval;end-to-end ownership;ranking and relevance optimization
CAND_0061655,103,0.67225959,0.64584033,0.75151736,0.50500000,0.01920000,0.15585000,0.02579033,0.06000000,8,2,54,54,0,54,1.0,0.5000,0.7250,0.0000,,skill_duration_exceeds_profile_experience:penalize,0.65,penalize,deterministic-domain-embedding,production scale and operations;ranking evaluation and experimentation;end-to-end ownership
CAND_0024466,104,0.67107249,0.63302929,0.78520210,0.50500000,0.00840000,0.15356000,0.02606929,0.06000000,8,2,62,62,0,62,1.0,0.5000,1.0000,0.0000,,skill_duration_exceeds_profile_experience:penalize,0.65,penalize,deterministic-domain-embedding,production scale and operations;ranking evaluation and experimentation;end-to-end ownership
CAND_0078002,105,0.66714811,0.65355277,0.70793412,0.42100000,0.03540000,0.16771000,0.02944277,0.00000000,7,3,74,74,0,74,1.0,0.3750,0.8583,0.2000,,,0.00,none,deterministic-domain-embedding,production scale and operations;ranking evaluation and experimentation;end-to-end ownership
CAND_0042029,106,0.66292797,0.63531237,0.74577477,0.37800000,0.05120000,0.18300000,0.02311237,0.00000000,6,1,36,78,0,78,1.0,0.6250,1.0000,0.6000,,,0.00,none,deterministic-domain-embedding,production scale and operations;ranking evaluation and experimentation;end-to-end ownership
CAND_0036437,107,0.65445634,0.65120353,0.66421478,0.49666667,0.02280000,0.16608000,0.02565687,0.06000000,6,2,37,56,0,56,1.0,0.5000,1.0000,0.0000,,skill_duration_exceeds_profile_experience:penalize,0.65,penalize,deterministic-domain-embedding,production scale and operations;end-to-end ownership;ranking and relevance optimization
CAND_0053591,108,0.65046022,0.60563563,0.78493398,0.37800000,0.04040000,0.15539333,0.03184230,0.00000000,6,1,38,63,0,63,1.0,0.5000,1.0000,0.2000,,,0.00,none,deterministic-domain-embedding,ranking evaluation and experimentation;production scale and operations;end-to-end ownership
CAND_0006418,109,0.63928680,0.59928755,0.75928457,0.41266667,0.04140000,0.17696000,0.02826088,0.06000000,5,1,40,67,0,67,1.0,0.5000,1.0000,0.2000,,skill_duration_exceeds_profile_experience:penalize,0.65,penalize,deterministic-domain-embedding,production scale and operations;end-to-end ownership;ranking and relevance optimization
CAND_0072660,110,0.63767002,0.62691783,0.66992657,0.41666667,0.01680000,0.16510000,0.02835117,0.00000000,6,2,66,84,0,84,1.0,0.5000,1.0000,0.0000,,,0.00,none,deterministic-domain-embedding,production scale and operations;end-to-end ownership;ranking and relevance optimization
CAND_0007460,111,0.63396476,0.58686149,0.77527455,0.38266667,0.01800000,0.15804000,0.02815482,0.00000000,6,1,56,56,0,56,1.0,0.5000,1.0000,0.0000,,,0.00,none,deterministic-domain-embedding,ranking evaluation and experimentation;end-to-end ownership;ranking and relevance optimization
CAND_0083879,112,0.63366438,0.61483150,0.69016303,0.37266667,0.03180000,0.18350000,0.02686483,0.00000000,5,2,65,84,0,84,1.0,0.3750,1.0000,0.2000,,,0.00,none,deterministic-domain-embedding,production scale and operations;end-to-end ownership;ranking and relevance optimization
CAND_0011432,113,0.62772098,0.61155300,0.67622491,0.37800000,0.03200000,0.17526000,0.02629300,0.00000000,6,2,54,90,0,90,1.0,0.6250,1.0000,0.2000,,,0.00,none,deterministic-domain-embedding,production scale and operations;ranking evaluation and experimentation;end-to-end ownership
CAND_0037980,114,0.62769619,0.61866263,0.65479687,0.39616667,0.01920000,0.17700000,0.02629597,0.00000000,6,3,107,107,0,107,1.0,0.5000,1.0000,0.0000,research_only,,0.00,none,deterministic-domain-embedding,production scale and operations;ranking evaluation and experimentation;end-to-end ownership
CAND_0036863,115,0.62474708,0.61636367,0.64989732,0.46200000,0.02540000,0.16203000,0.02693367,0.06000000,7,2,45,51,0,51,1.0,0.6250,0.8583,0.2000,,skill_duration_exceeds_profile_experience:penalize,0.65,penalize,deterministic-domain-embedding,end-to-end ownership;ranking and relevance optimization;ranking evaluation and experimentation
CAND_0020708,116,0.62450365,0.58160597,0.75319671,0.42333333,0.02910000,0.16080000,0.02837263,0.06000000,5,1,50,50,0,50,1.0,0.5000,1.0000,0.6000,,skill_duration_exceeds_profile_experience:penalize,0.65,penalize,deterministic-domain-embedding,semantic retrieval and information retrieval;end-to-end ownership;ranking and relevance optimization
CAND_0008239,117,0.62342929,0.59016710,0.72321585,0.38266667,0.01560000,0.16608000,0.02582043,0.00000000,6,1,48,48,0,48,1.0,0.5000,1.0000,0.0000,,,0.00,none,deterministic-domain-embedding,end-to-end ownership;ranking and relevance optimization;recommendation and personalization
CAND_0079284,118,0.61868220,0.58071533,0.73258281,0.42100000,0.02700000,0.17004000,0.02267533,0.06000000,7,2,58,58,0,58,1.0,0.5000,1.0000,0.2000,,skill_duration_exceeds_profile_experience:penalize,0.65,penalize,deterministic-domain-embedding,production scale and operations;ranking evaluation and experimentation;end-to-end ownership
CAND_0037944,119,0.61579245,0.55802667,0.78908982,0.37800000,0.05240000,0.16221667,0.02541000,0.06000000,6,1,37,58,0,58,1.0,0.6250,1.0000,0.4000,,skill_duration_exceeds_profile_experience:penalize,0.65,penalize,deterministic-domain-embedding,ranking evaluation and experimentation;production scale and operations;end-to-end ownership
CAND_0003977,120,0.61140000,0.57046550,0.73420352,0.42333333,0.02670000,0.16109000,0.01934217,0.06000000,5,2,55,55,0,55,1.0,0.5000,0.7250,0.6000,,skill_duration_exceeds_profile_experience:penalize,0.65,penalize,deterministic-domain-embedding,semantic retrieval and information retrieval;end-to-end ownership;ranking and relevance optimization
CAND_0076163,121,0.61038508,0.60635977,0.62246101,0.38266667,0.01920000,0.17276000,0.03173310,0.00000000,6,2,82,82,0,82,1.0,0.5000,1.0000,0.0000,,,0.00,none,deterministic-domain-embedding,end-to-end ownership;ranking and relevance optimization;ranking evaluation and experimentation
CAND_0061339,122,0.60737056,0.57441771,0.70622909,0.42100000,0.02820000,0.15553000,0.02968771,0.06000000,7,3,49,49,0,49,1.0,0.5000,0.8583,0.0000,,skill_duration_exceeds_profile_experience:penalize,0.65,penalize,deterministic-domain-embedding,production scale and operations;ranking evaluation and experimentation;end-to-end ownership
CAND_0061257,123,0.60087296,0.56420447,0.71087845,0.32900000,0.01680000,0.18850000,0.02990447,0.00000000,5,2,95,95,0,95,1.0,0.6250,1.0000,0.2000,research_only,,0.00,none,deterministic-domain-embedding,ranking evaluation and experimentation;production scale and operations;semantic retrieval and information retrieval
CAND_0040117,124,0.60007504,0.52630317,0.82139067,0.29266667,0.03140000,0.17676000,0.02547650,0.00000000,4,1,51,77,0,77,1.0,0.5000,1.0000,0.2000,,,0.00,none,deterministic-domain-embedding,ranking evaluation and experimentation;production scale and operations;end-to-end ownership
CAND_0074225,125,0.59988594,0.54857880,0.75380737,0.37800000,0.05000000,0.14841333,0.03216547,0.06000000,6,1,26,51,0,51,1.0,0.5000,1.0000,0.4000,,skill_duration_exceeds_profile_experience:penalize,0.65,penalize,deterministic-domain-embedding,production scale and operations;ranking evaluation and experimentation;end-to-end ownership
CAND_0095528,126,0.59926631,0.54220633,0.77044623,0.32733333,0.01920000,0.16747000,0.02820300,0.00000000,3,1,33,63,0,63,1.0,0.6250,1.0000,0.0000,,,0.00,none,deterministic-domain-embedding,production scale and operations;end-to-end ownership;ranking and relevance optimization
CAND_0076831,127,0.59686659,0.53418537,0.78491025,0.37266667,0.04020000,0.15387333,0.02744537,0.06000000,5,1,20,47,0,47,1.0,0.5000,1.0000,0.2000,,skill_duration_exceeds_profile_experience:penalize,0.65,penalize,deterministic-domain-embedding,production scale and operations;ranking evaluation and experimentation;end-to-end ownership
CAND_0087364,128,0.58820054,0.53740330,0.74059226,0.37266667,0.04500000,0.15895667,0.02077997,0.06000000,5,1,13,58,0,58,1.0,0.5000,1.0000,0.2000,,skill_duration_exceeds_profile_experience:penalize,0.65,penalize,deterministic-domain-embedding,production scale and operations;end-to-end ownership;ranking and relevance optimization
CAND_0015528,129,0.58719583,0.53824977,0.73403403,0.32733333,0.01680000,0.17426000,0.01985643,0.00000000,3,2,67,87,0,87,1.0,0.3750,1.0000,0.0000,,,0.00,none,deterministic-domain-embedding,production scale and operations;end-to-end ownership;ranking and relevance optimization
CAND_0078492,130,0.57920039,0.54005825,0.69662682,0.38266667,0.01680000,0.17450000,0.02609158,0.06000000,6,2,61,61,0,61,1.0,0.3750,1.0000,0.0000,,skill_duration_exceeds_profile_experience:penalize,0.65,penalize,deterministic-domain-embedding,end-to-end ownership;ranking and relevance optimization;recommendation and personalization
CAND_0084819,131,0.57409872,0.51892677,0.73961459,0.38200000,0.02780000,0.13813333,0.03099343,0.06000000,7,1,20,53,0,53,1.0,0.3750,1.0000,0.2000,,skill_duration_exceeds_profile_experience:penalize,0.65,penalize,deterministic-domain-embedding,end-to-end ownership;ranking and relevance optimization;ranking evaluation and experimentation
CAND_0052682,132,0.57374994,0.51208807,0.75873555,0.29266667,0.01340000,0.17676000,0.02926140,0.00000000,4,1,46,78,0,78,1.0,0.5000,1.0000,0.2000,,,0.00,none,deterministic-domain-embedding,production scale and operations;ranking evaluation and experimentation;end-to-end ownership
CAND_0081053,133,0.57368408,0.50746187,0.77235072,0.28733333,0.02280000,0.16900000,0.02832853,0.00000000,3,1,42,64,0,64,1.0,0.5000,1.0000,0.2000,,,0.00,none,deterministic-domain-embedding,production scale and operations;end-to-end ownership;ranking and relevance optimization
CAND_0056881,134,0.57368017,0.52333583,0.72471317,0.37266667,0.04500000,0.14380000,0.02186917,0.06000000,5,1,18,54,0,54,1.0,0.5000,1.0000,0.4000,,skill_duration_exceeds_profile_experience:penalize,0.65,penalize,deterministic-domain-embedding,production scale and operations;end-to-end ownership;ranking and relevance optimization
CAND_0039521,135,0.57237825,0.51913967,0.73209399,0.37800000,0.03680000,0.14421000,0.02012967,0.06000000,6,1,27,59,0,59,1.0,0.5000,1.0000,0.4000,,skill_duration_exceeds_profile_experience:penalize,0.65,penalize,deterministic-domain-embedding,production scale and operations;ranking evaluation and experimentation;end-to-end ownership
CAND_0058688,136,0.56790828,0.50428543,0.75877683,0.28733333,0.01800000,0.17060000,0.02835210,0.00000000,3,1,43,80,0,80,1.0,0.5000,1.0000,0.0000,,,0.00,none,deterministic-domain-embedding,production scale and operations;ranking evaluation and experimentation;end-to-end ownership
CAND_0060072,137,0.56757648,0.49351823,0.78975123,0.28466667,0.02400000,0.17150000,0.01335157,0.00000000,4,2,68,68,0,68,1.0,0.6250,1.0000,0.0000,,,0.00,none,deterministic-domain-embedding,production scale and operations;end-to-end ownership;ranking and relevance optimization
CAND_0039838,138,0.56595202,0.50870463,0.73769420,0.37266667,0.03180000,0.13510000,0.02913797,0.06000000,5,1,9,58,0,58,1.0,0.5000,0.7250,0.2000,,skill_duration_exceeds_profile_experience:penalize,0.65,penalize,deterministic-domain-embedding,production scale and operations;end-to-end ownership;ranking evaluation and experimentation
CAND_0049896,139,0.55957375,0.47786133,0.80471101,0.25266667,0.02420000,0.17404000,0.02695467,0.00000000,4,1,42,87,0,87,1.0,0.5000,1.0000,0.0000,,,0.00,none,deterministic-domain-embedding,production scale and operations;ranking evaluation and experimentation;end-to-end ownership
CAND_0009837,140,0.54798384,0.47091917,0.77917785,0.29866667,0.04740000,0.16604000,0.01881250,0.06000000,5,1,51,51,0,51,1.0,0.5000,1.0000,0.4000,,skill_duration_exceeds_profile_experience:penalize,0.65,penalize,deterministic-domain-embedding,ranking evaluation and experimentation;production scale and operations;end-to-end ownership
CAND_0057701,141,0.54433804,0.46234288,0.79032352,0.29866667,0.04620000,0.14880000,0.02867621,0.06000000,5,1,49,49,0,49,1.0,0.5000,1.0000,0.4000,,skill_duration_exceeds_profile_experience:penalize,0.65,penalize,deterministic-domain-embedding,ranking evaluation and experimentation;production scale and operations;end-to-end ownership
CAND_0089552,142,0.54143543,0.45878257,0.78939401,0.25266667,0.02420000,0.16229000,0.01962590,0.00000000,4,1,21,71,0,71,1.0,0.5000,1.0000,0.2000,,,0.00,none,deterministic-domain-embedding,production scale and operations;ranking evaluation and experimentation;end-to-end ownership
CAND_0099806,143,0.53774398,0.47067675,0.73894566,0.29866667,0.03420000,0.16608000,0.03173008,0.06000000,5,2,54,54,0,54,1.0,0.5000,1.0000,0.0000,,skill_duration_exceeds_profile_experience:penalize,0.65,penalize,deterministic-domain-embedding,production scale and operations;end-to-end ownership;ranking and relevance optimization
CAND_0092245,144,0.53731806,0.46167418,0.76424971,0.29866667,0.04260000,0.15680000,0.02360751,0.06000000,5,1,49,49,0,49,1.0,0.5000,1.0000,0.2000,,skill_duration_exceeds_profile_experience:penalize,0.65,penalize,deterministic-domain-embedding,production scale and operations;end-to-end ownership;ranking and relevance optimization
CAND_0066035,145,0.53643627,0.50265181,0.63778962,0.27783333,0.02790000,0.17001000,0.02690848,0.00000000,3,1,27,79,52,27,1.0,0.6250,1.0000,0.4000,,,0.00,none,deterministic-domain-embedding,production scale and operations;end-to-end ownership;ranking and relevance optimization
CAND_0051615,146,0.53455463,0.51576360,0.59092770,0.38266667,0.01200000,0.15185000,0.02924693,0.06000000,6,2,54,54,0,54,1.0,0.5000,0.7250,0.0000,,skill_duration_exceeds_profile_experience:penalize,0.65,penalize,deterministic-domain-embedding,end-to-end ownership;ranking and relevance optimization;ranking evaluation and experimentation
CAND_0044262,147,0.53272384,0.52775979,0.54761598,0.27783333,0.05060000,0.17404000,0.02528646,0.00000000,3,2,36,81,21,60,1.0,0.5000,1.0000,0.2000,,,0.00,none,deterministic-domain-embedding,production scale and operations;end-to-end ownership;ranking and relevance optimization
CAND_0082489,148,0.53077950,0.49397822,0.64118334,0.27783333,0.02670000,0.17229333,0.01715155,0.00000000,3,1,38,63,0,63,1.0,0.5000,1.0000,0.2000,,,0.00,none,deterministic-domain-embedding,production scale and operations;end-to-end ownership;ranking and relevance optimization
CAND_0092706,149,0.52842937,0.49996793,0.61381369,0.27783333,0.02190000,0.16896000,0.03127460,0.00000000,3,1,44,69,0,69,1.0,0.5000,1.0000,0.2000,,,0.00,none,deterministic-domain-embedding,production scale and operations;end-to-end ownership;ranking and relevance optimization
CAND_0099751,150,0.52825746,0.49419467,0.63044584,0.27783333,0.02430000,0.16391667,0.02814467,0.00000000,3,1,37,65,0,65,1.0,0.5000,1.0000,0.2000,,,0.00,none,deterministic-domain-embedding,production scale and operations;end-to-end ownership;ranking and relevance optimization
CAND_0043860,151,0.52714290,0.48805383,0.64441009,0.24833333,0.02930000,0.17954000,0.03088050,0.00000000,3,1,48,73,0,73,1.0,0.3750,1.0000,0.2000,cv_speech_only,,0.00,none,deterministic-domain-embedding,production scale and operations;end-to-end ownership;recommendation and personalization
CAND_0033179,152,0.52667716,0.48868700,0.64064766,0.24833333,0.03170000,0.17887333,0.02978033,0.00000000,3,1,38,82,38,44,1.0,0.3750,1.0000,0.2000,cv_speech_only,,0.00,none,deterministic-domain-embedding,production scale and operations;end-to-end ownership;ranking and relevance optimization
CAND_0015967,153,0.52389371,0.49976993,0.59626502,0.27783333,0.04170000,0.15291000,0.02732660,0.00000000,3,1,42,64,0,64,1.0,0.6250,0.8583,0.2000,,,0.00,none,deterministic-domain-embedding,production scale and operations;end-to-end ownership;ranking and relevance optimization
CAND_0004402,154,0.52203464,0.48763017,0.62524804,0.24833333,0.03050000,0.17883333,0.02996350,0.00000000,3,1,32,71,0,71,1.0,0.5000,1.0000,0.4000,cv_speech_only,,0.00,none,deterministic-domain-embedding,production scale and operations;end-to-end ownership;ranking and relevance optimization
CAND_0096209,155,0.52145956,0.47689133,0.65516424,0.27783333,0.01950000,0.14880000,0.03075800,0.00000000,3,1,30,50,0,50,1.0,0.5000,1.0000,0.0000,,,0.00,none,deterministic-domain-embedding,production scale and operations;end-to-end ownership;ranking and relevance optimization
CAND_0025640,156,0.52089249,0.49408867,0.60130395,0.24833333,0.04310000,0.17172000,0.03093533,0.00000000,3,1,45,66,45,21,1.0,0.5000,1.0000,0.2000,,,0.00,none,deterministic-domain-embedding,production scale and operations;end-to-end ownership;recommendation and personalization
CAND_0043958,157,0.52071718,0.49476817,0.59856423,0.27783333,0.03920000,0.15451000,0.02322483,0.00000000,3,1,15,79,0,79,1.0,0.5000,1.0000,0.4000,cv_speech_only,,0.00,none,deterministic-domain-embedding,production scale and operations;end-to-end ownership;ranking and relevance optimization
CAND_0068932,158,0.52067957,0.48348967,0.63224927,0.24833333,0.02310000,0.18096000,0.03109633,0.00000000,3,1,45,61,0,61,1.0,0.5000,1.0000,0.2000,,,0.00,none,deterministic-domain-embedding,production scale and operations;end-to-end ownership;ranking and relevance optimization
CAND_0013988,159,0.52060902,0.50492400,0.56766406,0.27783333,0.04940000,0.15222000,0.02547067,0.00000000,3,1,12,64,14,50,1.0,0.5000,1.0000,0.2000,,,0.00,none,deterministic-domain-embedding,production scale and operations;end-to-end ownership;ranking and relevance optimization
CAND_0026362,160,0.51972521,0.47440500,0.65568584,0.24833333,0.02430000,0.17446000,0.02731167,0.00000000,3,1,46,59,0,59,1.0,0.3750,1.0000,0.2000,,,0.00,none,deterministic-domain-embedding,production scale and operations;end-to-end ownership;ranking and relevance optimization
CAND_0067866,161,0.51925792,0.50778337,0.55368157,0.27783333,0.04340000,0.15583333,0.03071670,0.00000000,3,1,38,76,38,38,1.0,0.6250,1.0000,0.0000,,,0.00,none,deterministic-domain-embedding,production scale and operations;end-to-end ownership;recommendation and personalization
CAND_0023583,162,0.51924473,0.44894390,0.73014722,0.24833333,0.02040000,0.15680000,0.02341057,0.00000000,3,1,49,49,0,49,1.0,0.5000,1.0000,0.2000,,,0.00,none,deterministic-domain-embedding,production scale and operations;end-to-end ownership;ranking and relevance optimization
CAND_0018653,163,0.51822582,0.45307317,0.71368380,0.24833333,0.01440000,0.16876000,0.02157983,0.00000000,3,2,78,78,0,78,1.0,0.5000,1.0000,0.0000,,,0.00,none,deterministic-domain-embedding,production scale and operations;end-to-end ownership;ranking and relevance optimization
CAND_0099269,164,0.51818395,0.48837138,0.60762166,0.27783333,0.02310000,0.16287667,0.02456138,0.00000000,3,1,25,65,0,65,1.0,0.5000,1.0000,0.2000,,,0.00,none,deterministic-domain-embedding,production scale and operations;end-to-end ownership;recommendation and personalization
CAND_0042506,165,0.51809624,0.41973917,0.81316747,0.25266667,0.03140000,0.16687333,0.02879917,0.06000000,4,1,32,50,0,50,1.0,0.5000,1.0000,0.2000,,skill_duration_exceeds_profile_experience:penalize,0.65,penalize,deterministic-domain-embedding,production scale and operations;ranking evaluation and experimentation;end-to-end ownership
CAND_0043381,166,0.51767317,0.45091937,0.71793456,0.24833333,0.01800000,0.15470000,0.02988603,0.00000000,3,1,43,43,0,43,1.0,0.5000,1.0000,0.0000,,,0.00,none,deterministic-domain-embedding,production scale and operations;end-to-end ownership;ranking and relevance optimization
CAND_0024147,167,0.51703519,0.47533500,0.64213576,0.24833333,0.03050000,0.16772000,0.02878167,0.00000000,3,1,40,70,0,70,1.0,0.5000,1.0000,0.2000,cv_speech_only,,0.00,none,deterministic-domain-embedding,production scale and operations;end-to-end ownership;ranking and relevance optimization
CAND_0037160,168,0.51610650,0.49493101,0.57963297,0.24833333,0.04550000,0.17450000,0.02659768,0.00000000,3,1,18,71,15,56,1.0,0.3750,1.0000,0.2000,cv_speech_only,,0.00,none,deterministic-domain-embedding,production scale and operations;end-to-end ownership;ranking and relevance optimization
CAND_0015065,169,0.51341561,0.47621607,0.62501425,0.27783333,0.02190000,0.14675000,0.02973273,0.00000000,3,1,36,46,0,46,1.0,0.6250,0.7250,0.2000,,,0.00,none,deterministic-domain-embedding,production scale and operations;end-to-end ownership;ranking and relevance optimization
CAND_0064904,170,0.51231803,0.43025983,0.75849264,0.28733333,0.01680000,0.15845667,0.02766983,0.06000000,3,1,31,58,0,58,1.0,0.5000,1.0000,0.0000,,skill_duration_exceeds_profile_experience:penalize,0.65,penalize,deterministic-domain-embedding,production scale and operations;end-to-end ownership;ranking and relevance optimization
CAND_0046924,171,0.51228459,0.47465250,0.62518084,0.27783333,0.02790000,0.14600000,0.02291917,0.00000000,3,2,50,74,24,50,1.0,0.5000,1.0000,0.2000,,,0.00,none,deterministic-domain-embedding,production scale and operations;end-to-end ownership;ranking and relevance optimization
CAND_0060340,172,0.51155403,0.48820607,0.58159791,0.27783333,0.04820000,0.13367667,0.02849607,0.00000000,3,1,13,72,0,72,1.0,0.5000,1.0000,0.2000,,,0.00,none,deterministic-domain-embedding,production scale and operations;end-to-end ownership;ranking and relevance optimization
CAND_0000273,173,0.51129655,0.46664837,0.64524111,0.24833333,0.02310000,0.16733333,0.02788170,0.00000000,3,1,32,69,0,69,1.0,0.3750,1.0000,0.2000,,,0.00,none,deterministic-domain-embedding,production scale and operations;end-to-end ownership;ranking and relevance optimization
CAND_0049615,174,0.51116293,0.45543747,0.67833930,0.24833333,0.00960000,0.17022000,0.02728413,0.00000000,3,2,61,61,0,61,1.0,0.6250,1.0000,0.0000,,,0.00,none,deterministic-domain-embedding,production scale and operations;end-to-end ownership;ranking and relevance optimization
CAND_0001494,175,0.51093036,0.45540973,0.67749223,0.24833333,0.01200000,0.17404000,0.02103640,0.00000000,3,2,76,76,0,76,1.0,0.5000,1.0000,0.0000,,,0.00,none,deterministic-domain-embedding,production scale and operations;end-to-end ownership;ranking and relevance optimization
CAND_0038099,176,0.51043716,0.46608697,0.64348774,0.24833333,0.02550000,0.16372000,0.02853363,0.00000000,3,1,43,64,21,43,1.0,0.5000,1.0000,0.2000,,,0.00,none,deterministic-domain-embedding,production scale and operations;end-to-end ownership;ranking and relevance optimization
CAND_0035879,177,0.51038158,0.46533543,0.64552002,0.24833333,0.02910000,0.15654000,0.03136210,0.00000000,3,1,36,54,0,54,1.0,0.5000,1.0000,0.2000,,,0.00,none,deterministic-domain-embedding,production scale and operations;end-to-end ownership;ranking and relevance optimization
CAND_0007596,178,0.51005195,0.46582483,0.64273329,0.24833333,0.02550000,0.16109000,0.03090150,0.00000000,3,1,44,52,0,52,1.0,0.5000,0.7250,0.2000,,,0.00,none,deterministic-domain-embedding,production scale and operations;end-to-end ownership;ranking and relevance optimization
CAND_0070333,179,0.50957955,0.46221267,0.65168019,0.24833333,0.02670000,0.15891333,0.02826600,0.00000000,3,1,32,56,32,24,1.0,0.5000,1.0000,0.0000,,,0.00,none,deterministic-domain-embedding,production scale and operations;end-to-end ownership;ranking and relevance optimization
CAND_0063585,180,0.50920844,0.43937273,0.71871557,0.24833333,0.01800000,0.14561667,0.02742273,0.00000000,3,1,37,37,0,37,1.0,0.5000,1.0000,0.2000,,,0.00,none,deterministic-domain-embedding,production scale and operations;end-to-end ownership;ranking and relevance optimization
CAND_0067322,181,0.50878521,0.47633633,0.60613184,0.27783333,0.02430000,0.14880000,0.02540300,0.00000000,3,1,30,51,0,51,1.0,0.5000,1.0000,0.2000,,,0.00,none,deterministic-domain-embedding,production scale and operations;end-to-end ownership;recommendation and personalization
CAND_0086893,182,0.50818125,0.43751283,0.72018649,0.24833333,0.01200000,0.14674000,0.03043950,0.00000000,3,1,46,46,0,46,1.0,0.5000,1.0000,0.0000,,,0.00,none,deterministic-domain-embedding,production scale and operations;end-to-end ownership;ranking and relevance optimization
CAND_0074325,183,0.50787387,0.46406133,0.63931149,0.27783333,0.02430000,0.14486667,0.01706133,0.00000000,3,1,22,46,0,46,1.0,0.3750,1.0000,0.2000,,,0.00,none,deterministic-domain-embedding,production scale and operations;end-to-end ownership;ranking and relevance optimization
CAND_0022852,184,0.50767142,0.49260533,0.55286968,0.27783333,0.04460000,0.15386667,0.01630533,0.00000000,3,1,19,64,0,64,1.0,0.5000,0.8583,0.2000,,,0.00,none,deterministic-domain-embedding,production scale and operations;end-to-end ownership;recommendation and personalization
CAND_0052360,185,0.50670735,0.42999930,0.73683149,0.24833333,0.01200000,0.15324000,0.01642597,0.00000000,3,1,36,36,0,36,1.0,0.5000,1.0000,0.0000,,,0.00,none,deterministic-domain-embedding,production scale and operations;end-to-end ownership;ranking and relevance optimization
CAND_0014858,186,0.50446937,0.46286467,0.62928347,0.24833333,0.04670000,0.14171667,0.02611467,0.00000000,3,1,13,58,0,58,1.0,0.5000,1.0000,0.2000,,,0.00,none,deterministic-domain-embedding,production scale and operations;end-to-end ownership;ranking and relevance optimization
CAND_0000981,187,0.50438161,0.47093730,0.60471455,0.24833333,0.04550000,0.16226000,0.01484397,0.00000000,3,1,42,76,0,76,1.0,0.3750,1.0000,0.2000,,,0.00,none,deterministic-domain-embedding,production scale and operations;end-to-end ownership;recommendation and personalization
CAND_0053527,188,0.50434625,0.49322283,0.53771648,0.24833333,0.04340000,0.17126000,0.03022950,0.00000000,3,1,51,82,0,82,1.0,0.6250,1.0000,0.2000,,,0.00,none,deterministic-domain-embedding,production scale and operations;end-to-end ownership;recommendation and personalization
CAND_0002426,189,0.50362599,0.43712150,0.70313944,0.24833333,0.01440000,0.14521000,0.02917817,0.00000000,3,1,39,39,0,39,1.0,0.5000,1.0000,0.0000,,,0.00,none,deterministic-domain-embedding,production scale and operations;end-to-end ownership;recommendation and personalization
CAND_0048469,190,0.50349937,0.47476467,0.58970350,0.27783333,0.04940000,0.12599000,0.02154133,0.00000000,3,1,36,56,0,56,1.0,0.5000,0.8583,0.0000,,,0.00,none,deterministic-domain-embedding,production scale and operations;end-to-end ownership;ranking and relevance optimization
CAND_0075439,191,0.50349585,0.40287430,0.80536051,0.25266667,0.03140000,0.15471667,0.02409097,0.06000000,4,1,25,51,0,51,1.0,0.5000,1.0000,0.4000,,skill_duration_exceeds_profile_experience:penalize,0.65,penalize,deterministic-domain-embedding,production scale and operations;ranking evaluation and experimentation;end-to-end ownership
CAND_0028908,192,0.50296831,0.42067717,0.74984175,0.24833333,0.01680000,0.13637667,0.01916717,0.00000000,3,1,37,37,0,37,1.0,0.5000,1.0000,0.2000,,,0.00,none,deterministic-domain-embedding,production scale and operations;end-to-end ownership;ranking and relevance optimization
CAND_0017178,193,0.50287910,0.46219277,0.62493808,0.24833333,0.02090000,0.16687333,0.02608610,0.00000000,3,1,32,50,0,50,1.0,0.5000,1.0000,0.0000,cv_speech_only,,0.00,none,deterministic-domain-embedding,production scale and operations;end-to-end ownership;recommendation and personalization
CAND_0001151,194,0.50191125,0.47650400,0.57813299,0.27783333,0.02340000,0.15663667,0.01863400,0.00000000,3,1,19,59,0,59,1.0,0.3750,1.0000,0.0000,,,0.00,none,deterministic-domain-embedding,production scale and operations;end-to-end ownership;recommendation and personalization
CAND_0079830,195,0.50135770,0.42901433,0.71838779,0.24833333,0.01440000,0.14274000,0.02354100,0.00000000,3,1,43,43,0,43,1.0,0.5000,1.0000,0.0000,,,0.00,none,deterministic-domain-embedding,production scale and operations;end-to-end ownership;recommendation and personalization
CAND_0006538,196,0.50111764,0.46695350,0.60361006,0.24833333,0.05530000,0.13683333,0.02648683,0.00000000,3,1,32,67,21,46,1.0,0.2500,1.0000,0.4000,cv_speech_only,,0.00,none,deterministic-domain-embedding,production scale and operations;end-to-end ownership;ranking and relevance optimization
CAND_0003557,197,0.50111115,0.44518483,0.66889011,0.24833333,0.00720000,0.16876000,0.02089150,0.00000000,3,2,81,81,0,81,1.0,0.5000,1.0000,0.0000,,,0.00,none,deterministic-domain-embedding,production scale and operations;end-to-end ownership;recommendation and personalization
CAND_0013393,198,0.50018705,0.48125300,0.55698920,0.24833333,0.05150000,0.15801167,0.02340800,0.00000000,3,1,19,62,15,47,1.0,0.5000,0.9375,0.2000,cv_speech_only,,0.00,none,deterministic-domain-embedding,production scale and operations;end-to-end ownership;ranking and relevance optimization
CAND_0042370,199,0.49890689,0.42832307,0.71065836,0.24833333,0.00960000,0.15045000,0.01993973,0.00000000,3,1,39,39,0,39,1.0,0.5000,1.0000,0.0000,,,0.00,none,deterministic-domain-embedding,production scale and operations;end-to-end ownership;ranking and relevance optimization
CAND_0097472,200,0.49877409,0.46769350,0.59201586,0.24833333,0.04070000,0.16125000,0.01741017,0.00000000,3,1,15,69,0,69,1.0,0.6250,1.0000,0.2000,,,0.00,none,deterministic-domain-embedding,production scale and operations;end-to-end ownership;recommendation and personalization
CAND_0096104,201,0.49856288,0.45370312,0.63314213,0.24833333,0.02190000,0.15550000,0.02796979,0.00000000,3,1,46,83,0,83,1.0,0.3750,1.0000,0.2000,,,0.00,none,deterministic-domain-embedding,production scale and operations;end-to-end ownership;recommendation and personalization
CAND_0053605,202,0.49774567,0.45706983,0.61977317,0.24833333,0.01730000,0.16050000,0.03093650,0.00000000,3,1,44,82,38,44,1.0,0.6250,1.0000,0.0000,cv_speech_only,,0.00,none,deterministic-domain-embedding,production scale and operations;end-to-end ownership;recommendation and personalization
CAND_0073633,203,0.49768540,0.47169812,0.57564722,0.27783333,0.03060000,0.14146667,0.02179812,0.00000000,3,1,16,47,0,47,1.0,0.6250,1.0000,0.2000,,,0.00,none,deterministic-domain-embedding,production scale and operations;end-to-end ownership;recommendation and personalization
CAND_0055139,204,0.49721168,0.46324203,0.59912062,0.24833333,0.02450000,0.16476000,0.02564870,0.00000000,3,2,42,81,20,61,1.0,0.5000,1.0000,0.2000,cv_speech_only,,0.00,none,deterministic-domain-embedding,production scale and operations;end-to-end ownership;recommendation and personalization
CAND_0073917,205,0.49718076,0.47119133,0.57514906,0.24833333,0.04530000,0.15305333,0.02450467,0.00000000,3,1,14,68,0,68,1.0,0.5000,1.0000,0.4000,,,0.00,none,deterministic-domain-embedding,production scale and operations;end-to-end ownership;ranking and relevance optimization
CAND_0011327,206,0.49697357,0.46662250,0.58802676,0.21783333,0.04700000,0.17133333,0.03045583,0.00000000,3,1,14,74,0,74,1.0,0.5000,1.0000,0.0000,,,0.00,none,deterministic-domain-embedding,production scale and operations;end-to-end ownership;ranking and relevance optimization
CAND_0061175,207,0.49669287,0.47624080,0.55804908,0.24833333,0.02940000,0.17400000,0.02450747,0.00000000,3,2,48,80,0,80,1.0,0.5000,1.0000,0.2000,,,0.00,none,deterministic-domain-embedding,production scale and operations;end-to-end ownership;recommendation and personalization
CAND_0085557,208,0.49655217,0.41642083,0.73694620,0.24833333,0.00840000,0.14165667,0.01803083,0.00000000,3,1,37,37,0,37,1.0,0.5000,1.0000,0.0000,,,0.00,none,deterministic-domain-embedding,production scale and operations;end-to-end ownership;recommendation and personalization
CAND_0087630,209,0.49627429,0.43935037,0.66704607,0.21333333,0.02040000,0.18600000,0.01961703,0.00000000,3,3,85,85,0,85,1.0,0.5000,1.0000,0.2000,,,0.00,none,deterministic-domain-embedding,production scale and operations;ranking evaluation and experimentation;ranking and relevance optimization
CAND_0092255,210,0.49625524,0.47372786,0.56383738,0.21783333,0.06140000,0.16671000,0.02778452,0.00000000,3,1,15,61,13,48,1.0,0.5000,1.0000,0.4000,cv_speech_only,,0.00,none,deterministic-domain-embedding,production scale and operations;end-to-end ownership;ranking and relevance optimization
CAND_0069773,211,0.49562146,0.45517317,0.61696634,0.24833333,0.01590000,0.16726000,0.02367983,0.00000000,3,1,50,71,0,71,1.0,0.6250,1.0000,0.2000,,,0.00,none,deterministic-domain-embedding,production scale and operations;end-to-end ownership;ranking and relevance optimization
CAND_0055624,212,0.49559683,0.45403133,0.62029333,0.27783333,0.02190000,0.13436667,0.01993133,0.00000000,3,1,16,44,0,44,1.0,0.3750,1.0000,0.2000,,,0.00,none,deterministic-domain-embedding,production scale and operations;end-to-end ownership;recommendation and personalization
CAND_0056262,213,0.49523740,0.46478440,0.58659640,0.24833333,0.02450000,0.17154000,0.02041107,0.00000000,3,2,53,71,18,53,1.0,0.3750,1.0000,0.2000,cv_speech_only,,0.00,none,deterministic-domain-embedding,production scale and operations;end-to-end ownership;recommendation and personalization
CAND_0071033,214,0.49494529,0.42239901,0.71258412,0.24833333,0.00960000,0.14274000,0.02172568,0.00000000,3,1,45,45,0,45,1.0,0.5000,1.0000,0.0000,,,0.00,none,deterministic-domain-embedding,production scale and operations;end-to-end ownership;ranking and relevance optimization
CAND_0087316,215,0.49486036,0.44847650,0.63401195,0.24833333,0.02430000,0.15470667,0.02113650,0.00000000,3,1,22,48,0,48,1.0,0.5000,1.0000,0.2000,,,0.00,none,deterministic-domain-embedding,production scale and operations;end-to-end ownership;ranking and relevance optimization
CAND_0080372,216,0.49480231,0.46589737,0.58151714,0.27783333,0.03320000,0.13216000,0.02270403,0.00000000,3,1,21,61,0,61,1.0,0.3750,0.8583,0.2000,cv_speech_only,,0.00,none,deterministic-domain-embedding,production scale and operations;end-to-end ownership;ranking and relevance optimization
CAND_0011140,217,0.49439673,0.46040117,0.59638344,0.27783333,0.01470000,0.14556000,0.02230783,0.00000000,3,1,46,60,0,60,1.0,0.3750,1.0000,0.0000,,,0.00,none,deterministic-domain-embedding,production scale and operations;end-to-end ownership;recommendation and personalization
CAND_0069638,218,0.49394210,0.46594153,0.57794381,0.24833333,0.03950000,0.15149000,0.02661820,0.00000000,3,2,63,73,0,73,1.0,0.5000,0.8583,0.2000,,,0.00,none,deterministic-domain-embedding,production scale and operations;end-to-end ownership;recommendation and personalization
CAND_0063328,219,0.49386295,0.43441667,0.67220181,0.24833333,0.02690000,0.13237333,0.02681000,0.00000000,3,1,20,54,0,54,1.0,0.6250,1.0000,0.0000,cv_speech_only,,0.00,none,deterministic-domain-embedding,production scale and operations;end-to-end ownership;ranking and relevance optimization
CAND_0067403,220,0.49340672,0.44801517,0.62958136,0.24833333,0.01710000,0.16509000,0.01749183,0.00000000,3,1,44,54,0,54,1.0,0.5000,0.7250,0.0000,,,0.00,none,deterministic-domain-embedding,production scale and operations;end-to-end ownership;recommendation and personalization
CAND_0040178,221,0.49328374,0.46269153,0.58506037,0.21783333,0.05900000,0.16082667,0.02503153,0.00000000,3,1,7,59,0,59,1.0,0.5000,0.8583,0.4000,,,0.00,none,deterministic-domain-embedding,production scale and operations;end-to-end ownership;ranking and relevance optimization
CAND_0023587,222,0.49314768,0.44724600,0.63085273,0.24833333,0.03710000,0.13137667,0.03043600,0.00000000,3,1,25,38,0,38,1.0,0.5000,1.0000,0.0000,,,0.00,none,deterministic-domain-embedding,production scale and operations;end-to-end ownership;ranking and relevance optimization
CAND_0039308,223,0.49224312,0.45391433,0.60722949,0.24833333,0.03950000,0.14739333,0.01868767,0.00000000,3,1,38,66,0,66,1.0,0.5000,1.0000,0.2000,,,0.00,none,deterministic-domain-embedding,production scale and operations;end-to-end ownership;recommendation and personalization
CAND_0047521,224,0.49215145,0.45862430,0.59273289,0.24833333,0.02310000,0.15554000,0.03165097,0.00000000,3,2,31,51,16,35,1.0,0.3750,1.0000,0.2000,,,0.00,none,deterministic-domain-embedding,production scale and operations;end-to-end ownership;ranking and relevance optimization
CAND_0060715,225,0.49133610,0.42547367,0.68892340,0.24833333,0.00840000,0.13721000,0.03153033,0.00000000,3,1,39,39,0,39,1.0,0.5000,1.0000,0.0000,,,0.00,none,deterministic-domain-embedding,production scale and operations;end-to-end ownership;recommendation and personalization
CAND_0051486,226,0.49069498,0.42191650,0.69703040,0.24833333,0.02040000,0.12922000,0.02396317,0.00000000,3,2,70,70,0,70,1.0,0.3750,1.0000,0.2000,,,0.00,none,deterministic-domain-embedding,production scale and operations;end-to-end ownership;ranking and relevance optimization
CAND_0048558,227,0.49062220,0.46360867,0.57166280,0.21783333,0.03570000,0.18075000,0.02932533,0.00000000,3,1,27,79,0,79,1.0,0.5000,1.0000,0.0000,,,0.00,none,deterministic-domain-embedding,production scale and operations;end-to-end ownership;recommendation and personalization
CAND_0035315,228,0.49042748,0.44088577,0.63905261,0.24833333,0.02690000,0.13769000,0.02796243,0.00000000,3,1,49,58,0,58,1.0,0.5000,0.7250,0.2000,cv_speech_only,,0.00,none,deterministic-domain-embedding,production scale and operations;end-to-end ownership;recommendation and personalization
CAND_0010541,229,0.49029121,0.44557787,0.62443122,0.21783333,0.02430000,0.17800000,0.02544453,0.00000000,3,1,30,74,0,74,1.0,0.5000,1.0000,0.2000,,,0.00,none,deterministic-domain-embedding,production scale and operations;end-to-end ownership;recommendation and personalization
CAND_0061352,230,0.49023917,0.43736910,0.64884936,0.24833333,0.02450000,0.13501000,0.02952577,0.00000000,3,1,36,42,0,42,1.0,0.5000,0.7250,0.0000,cv_speech_only,,0.00,none,deterministic-domain-embedding,production scale and operations;end-to-end ownership;ranking and relevance optimization
CAND_0088354,231,0.49017532,0.47577020,0.53339069,0.24833333,0.04100000,0.16409333,0.02234353,0.00000000,3,1,38,77,0,77,1.0,0.5000,1.0000,0.2000,,,0.00,none,deterministic-domain-embedding,production scale and operations;end-to-end ownership;recommendation and personalization
CAND_0046132,232,0.49008312,0.45480367,0.59592150,0.24833333,0.01710000,0.15854000,0.03083033,0.00000000,3,1,18,51,0,51,1.0,0.3750,1.0000,0.2000,,,0.00,none,deterministic-domain-embedding,production scale and operations;end-to-end ownership;recommendation and personalization
CAND_0066798,233,0.48986512,0.46318667,0.56990046,0.24833333,0.03470000,0.16277000,0.01738333,0.00000000,3,1,54,61,0,61,1.0,0.5000,0.7250,0.2000,,,0.00,none,deterministic-domain-embedding,production scale and operations;end-to-end ownership;recommendation and personalization
CAND_0054829,234,0.48958641,0.43806347,0.64415525,0.24833333,0.02450000,0.13912667,0.02610347,0.00000000,3,1,22,67,0,67,1.0,0.3750,1.0000,0.0000,cv_speech_only,,0.00,none,deterministic-domain-embedding,production scale and operations;end-to-end ownership;ranking and relevance optimization
CAND_0009236,235,0.48931571,0.42210481,0.69094841,0.24833333,0.01800000,0.13426000,0.02151148,0.00000000,3,2,75,75,24,51,1.0,0.3750,1.0000,0.2000,,,0.00,none,deterministic-domain-embedding,production scale and operations;end-to-end ownership;ranking and relevance optimization
CAND_0064331,236,0.48878706,0.43948567,0.63669125,0.24833333,0.04550000,0.12546667,0.02018567,0.00000000,3,1,16,49,0,49,1.0,0.6250,1.0000,0.2000,,,0.00,none,deterministic-domain-embedding,production scale and operations;end-to-end ownership;ranking and relevance optimization
CAND_0040677,237,0.48816389,0.46063173,0.57076035,0.27783333,0.01350000,0.14341333,0.02588507,0.00000000,3,1,14,50,0,50,1.0,0.5000,1.0000,0.2000,,,0.00,none,deterministic-domain-embedding,production scale and operations;end-to-end ownership;recommendation and personalization
CAND_0023215,238,0.48793900,0.46622593,0.55307818,0.24833333,0.04820000,0.14025667,0.02943593,0.00000000,3,1,28,52,0,52,1.0,0.6250,0.8583,0.2000,,,0.00,none,deterministic-domain-embedding,production scale and operations;end-to-end ownership;ranking and relevance optimization
CAND_0093185,239,0.48781505,0.42298477,0.68230591,0.24833333,0.00960000,0.14880000,0.01625143,0.00000000,3,2,49,49,0,49,1.0,0.5000,1.0000,0.0000,,,0.00,none,deterministic-domain-embedding,production scale and operations;end-to-end ownership;ranking and relevance optimization
CAND_0036520,240,0.48757866,0.44787900,0.60667766,0.24833333,0.02090000,0.15160000,0.02704567,0.00000000,3,1,39,49,0,49,1.0,0.5000,0.7250,0.2000,cv_speech_only,,0.00,none,deterministic-domain-embedding,production scale and operations;end-to-end ownership;recommendation and personalization
CAND_0092989,241,0.48749851,0.45524867,0.58424805,0.24833333,0.02340000,0.15393333,0.02958200,0.00000000,3,1,32,72,40,32,1.0,0.5000,1.0000,0.2000,,,0.00,none,deterministic-domain-embedding,production scale and operations;end-to-end ownership;recommendation and personalization
CAND_0046526,242,0.48747434,0.44670252,0.60978979,0.24833333,0.02210000,0.15206000,0.02420919,0.00000000,3,1,43,65,0,65,1.0,0.5000,1.0000,0.2000,cv_speech_only,,0.00,none,deterministic-domain-embedding,production scale and operations;end-to-end ownership;recommendation and personalization
CAND_0052328,243,0.48743266,0.40524893,0.73398385,0.19333333,0.03020000,0.15350000,0.02821560,0.00000000,1,0,0,77,0,77,1.0,0.3750,1.0000,0.2000,,,0.00,none,deterministic-domain-embedding,production scale and operations;end-to-end ownership;recommendation and personalization
CAND_0064130,244,0.48709668,0.47656557,0.51869004,0.24833333,0.02580000,0.17695667,0.02547557,0.00000000,3,1,31,80,49,31,1.0,0.6250,1.0000,0.2000,,,0.00,none,deterministic-domain-embedding,production scale and operations;end-to-end ownership;ranking and relevance optimization
CAND_0033749,245,0.48698855,0.41715510,0.69648892,0.24833333,0.02040000,0.12080000,0.02762177,0.00000000,3,2,55,55,15,40,1.0,0.5000,1.0000,0.2000,,,0.00,none,deterministic-domain-embedding,production scale and operations;end-to-end ownership;ranking and relevance optimization
CAND_0016170,246,0.48697276,0.46979823,0.53849636,0.24833333,0.04220000,0.15455000,0.02471490,0.00000000,3,1,44,81,7,74,1.0,0.5000,0.8583,0.2000,,,0.00,none,deterministic-domain-embedding,production scale and operations;end-to-end ownership;recommendation and personalization
CAND_0076995,247,0.48668888,0.45529517,0.58087001,0.24833333,0.02820000,0.15035000,0.02841183,0.00000000,3,1,45,52,0,52,1.0,0.6250,0.7250,0.2000,,,0.00,none,deterministic-domain-embedding,production scale and operations;end-to-end ownership;recommendation and personalization
CAND_0082913,248,0.48666879,0.42786540,0.66307897,0.24833333,0.00840000,0.15000000,0.02113207,0.00000000,3,2,65,65,0,65,1.0,0.7500,1.0000,0.0000,,,0.00,none,deterministic-domain-embedding,production scale and operations;end-to-end ownership;recommendation and personalization
CAND_0057134,249,0.48662077,0.43858850,0.63071758,0.24833333,0.01830000,0.15220000,0.01975517,0.00000000,3,1,24,36,0,36,1.0,0.5000,1.0000,0.0000,,,0.00,none,deterministic-domain-embedding,production scale and operations;end-to-end ownership;recommendation and personalization
CAND_0068985,250,0.48659334,0.45555730,0.57970145,0.27783333,0.02940000,0.12676000,0.02156397,0.00000000,3,1,33,61,0,61,1.0,0.6250,0.8583,0.2000,,,0.00,none,deterministic-domain-embedding,production scale and operations;end-to-end ownership;recommendation and personalization
CAND_0078262,251,0.48625640,0.44149503,0.62054051,0.24833333,0.00600000,0.16208000,0.02508170,0.00000000,3,2,58,58,13,45,1.0,0.5000,1.0000,0.0000,,,0.00,none,deterministic-domain-embedding,production scale and operations;end-to-end ownership;recommendation and personalization
CAND_0049217,252,0.48539236,0.45697040,0.57065822,0.24833333,0.04700000,0.13970000,0.02193707,0.00000000,3,1,27,70,0,70,1.0,0.3750,0.8583,0.2000,,,0.00,none,deterministic-domain-embedding,production scale and operations;end-to-end ownership;recommendation and personalization
CAND_0009691,253,0.48504105,0.42281897,0.67170730,0.21333333,0.01080000,0.17004000,0.02864563,0.00000000,3,3,73,73,0,73,1.0,0.5000,1.0000,0.0000,,,0.00,none,deterministic-domain-embedding,production scale and operations;end-to-end ownership;ranking evaluation and experimentation
CAND_0074621,254,0.48502701,0.43945023,0.62175735,0.24833333,0.00240000,0.16900000,0.01971690,0.00000000,3,2,62,62,0,62,1.0,0.5000,1.0000,0.0000,,,0.00,none,deterministic-domain-embedding,production scale and operations;end-to-end ownership;recommendation and personalization
CAND_0010603,255,0.48486933,0.42454290,0.66584860,0.21783333,0.01950000,0.15472000,0.03248957,0.00000000,3,1,18,63,0,63,1.0,0.5000,1.0000,0.0000,,,0.00,none,deterministic-domain-embedding,production scale and operations;end-to-end ownership;ranking and relevance optimization
CAND_0067041,256,0.48471540,0.45728983,0.56699208,0.21783333,0.03930000,0.17650000,0.02365650,0.00000000,3,1,46,81,20,61,1.0,0.6250,1.0000,0.2000,,,0.00,none,deterministic-domain-embedding,production scale and operations;end-to-end ownership;ranking and relevance optimization
CAND_0080534,257,0.48451149,0.43307460,0.63882215,0.24833333,0.00480000,0.14701000,0.03293127,0.00000000,3,2,45,45,0,45,1.0,0.6250,0.7250,0.0000,,,0.00,none,deterministic-domain-embedding,production scale and operations;end-to-end ownership;recommendation and personalization
CAND_0016267,258,0.48414806,0.40073964,0.73437333,0.24833333,0.01440000,0.10946000,0.02854630,0.00000000,3,1,43,43,0,43,1.0,0.5000,1.0000,0.2000,,,0.00,none,deterministic-domain-embedding,production scale and operations;end-to-end ownership;ranking and relevance optimization
CAND_0045613,259,0.48360550,0.42215587,0.66795440,0.24833333,0.02430000,0.13088667,0.01863587,0.00000000,3,1,34,59,25,34,1.0,0.3750,1.0000,0.0000,,,0.00,none,deterministic-domain-embedding,production scale and operations;end-to-end ownership;ranking and relevance optimization
CAND_0073007,260,0.48345074,0.44144717,0.60946145,0.24833333,0.02450000,0.13722000,0.03139383,0.00000000,3,1,50,69,0,69,1.0,0.3750,1.0000,0.2000,cv_speech_only,,0.00,none,deterministic-domain-embedding,production scale and operations;end-to-end ownership;recommendation and personalization
CAND_0097896,261,0.48327693,0.44405398,0.60094577,0.24833333,0.02930000,0.15153000,0.01489065,0.00000000,3,2,40,56,0,56,1.0,0.5000,0.8583,0.2000,cv_speech_only,,0.00,none,deterministic-domain-embedding,production scale and operations;end-to-end ownership;recommendation and personalization
CAND_0061479,262,0.48232006,0.45185210,0.57372393,0.24833333,0.02210000,0.15967000,0.02174877,0.00000000,3,2,49,59,0,59,1.0,0.6250,0.8583,0.2000,cv_speech_only,,0.00,none,deterministic-domain-embedding,production scale and operations;end-to-end ownership;recommendation and personalization
CAND_0002120,263,0.48139181,0.43073573,0.63336003,0.18833333,0.04910000,0.16360000,0.02970240,0.00000000,3,1,46,77,31,46,1.0,0.6250,1.0000,0.2000,,,0.00,none,deterministic-domain-embedding,production scale and operations;end-to-end ownership;ranking and relevance optimization
CAND_0038328,264,0.48107960,0.44468743,0.59025610,0.24833333,0.02210000,0.15454000,0.01971410,0.00000000,3,1,12,48,0,48,1.0,0.5000,1.0000,0.2000,cv_speech_only,,0.00,none,deterministic-domain-embedding,production scale and operations;end-to-end ownership;recommendation and personalization
CAND_0051219,265,0.48087033,0.43789713,0.60978993,0.24833333,0.03470000,0.13496000,0.01990380,0.00000000,3,1,24,45,0,45,1.0,0.5000,1.0000,0.0000,,,0.00,none,deterministic-domain-embedding,production scale and operations;end-to-end ownership;recommendation and personalization
CAND_0088237,266,0.48049035,0.40958790,0.69319769,0.24833333,0.00840000,0.12670000,0.02615457,0.00000000,3,1,44,44,0,44,1.0,0.5000,1.0000,0.2000,,,0.00,none,deterministic-domain-embedding,production scale and operations;end-to-end ownership;ranking and relevance optimization
CAND_0058300,267,0.48015382,0.46946850,0.51220977,0.24833333,0.04340000,0.15074667,0.02698850,0.00000000,3,1,16,52,32,20,1.0,0.6250,1.0000,0.2000,,,0.00,none,deterministic-domain-embedding,production scale and operations;end-to-end ownership;recommendation and personalization
CAND_0030207,268,0.47981199,0.44758220,0.57650137,0.24833333,0.02820000,0.15130000,0.01974887,0.00000000,3,1,36,48,0,48,1.0,0.5000,1.0000,0.2000,,,0.00,none,deterministic-domain-embedding,production scale and operations;end-to-end ownership;ranking and relevance optimization
CAND_0065786,269,0.47958571,0.43791553,0.60459623,0.24833333,0.03290000,0.12375000,0.03293220,0.00000000,3,2,31,58,0,58,1.0,0.3750,0.8583,0.4000,cv_speech_only,,0.00,none,deterministic-domain-embedding,production scale and operations;end-to-end ownership;ranking and relevance optimization
CAND_0052498,270,0.47940933,0.43652593,0.60805953,0.24833333,0.01710000,0.15787333,0.01321927,0.00000000,3,1,20,56,0,56,1.0,0.5000,1.0000,0.2000,,,0.00,none,deterministic-domain-embedding,production scale and operations;end-to-end ownership;recommendation and personalization
CAND_0001218,271,0.47937008,0.44566550,0.58048383,0.24833333,0.04670000,0.12660000,0.02403217,0.00000000,3,3,53,75,18,57,1.0,0.3750,1.0000,0.2000,,,0.00,none,deterministic-domain-embedding,production scale and operations;end-to-end ownership;ranking and relevance optimization
CAND_0016678,272,0.47888454,0.45561783,0.54868467,0.21783333,0.05320000,0.16280167,0.02178283,0.00000000,3,1,28,80,7,73,1.0,0.5000,0.9375,0.2000,cv_speech_only,,0.00,none,deterministic-domain-embedding,production scale and operations;end-to-end ownership;ranking and relevance optimization
CAND_0034177,273,0.47882897,0.41121017,0.68168538,0.24833333,0.00840000,0.12274000,0.03173683,0.00000000,3,1,43,43,0,43,1.0,0.5000,1.0000,0.2000,,,0.00,none,deterministic-domain-embedding,production scale and operations;end-to-end ownership;ranking and relevance optimization
CAND_0088438,274,0.47842987,0.43186562,0.61812261,0.24833333,0.02330000,0.14950000,0.01073229,0.00000000,3,1,36,79,0,79,1.0,0.7500,1.0000,0.2000,cv_speech_only,,0.00,none,deterministic-domain-embedding,production scale and operations;end-to-end ownership;recommendation and personalization
CAND_0019845,275,0.47797988,0.42372263,0.64075163,0.24833333,0.03050000,0.12211667,0.02277263,0.00000000,3,1,25,40,0,40,1.0,0.3750,1.0000,0.4000,cv_speech_only,,0.00,none,deterministic-domain-embedding,production scale and operations;end-to-end ownership;ranking and relevance optimization
CAND_0020991,276,0.47743455,0.42356503,0.63904312,0.21783333,0.02550000,0.14924667,0.03098503,0.00000000,3,1,28,58,0,58,1.0,0.5000,1.0000,0.2000,,,0.00,none,deterministic-domain-embedding,production scale and operations;end-to-end ownership;ranking and relevance optimization
CAND_0055673,277,0.47742549,0.44134465,0.58566803,0.24833333,0.02820000,0.14603333,0.01877798,0.00000000,3,1,32,44,0,44,1.0,0.6250,1.0000,0.2000,,,0.00,none,deterministic-domain-embedding,production scale and operations;end-to-end ownership;ranking and relevance optimization
CAND_0058412,278,0.47739447,0.44317250,0.58006040,0.24833333,0.02960000,0.14613500,0.01910417,0.00000000,3,2,50,78,0,78,1.0,0.6250,0.9375,0.0000,cv_speech_only,,0.00,none,deterministic-domain-embedding,production scale and operations;end-to-end ownership;ranking and relevance optimization
CAND_0021827,279,0.47697877,0.44606139,0.56973093,0.24833333,0.02700000,0.14783000,0.02289806,0.00000000,3,1,15,52,0,52,1.0,0.5000,1.0000,0.2000,,,0.00,none,deterministic-domain-embedding,production scale and operations;end-to-end ownership;recommendation and personalization
CAND_0033911,280,0.47606550,0.43776920,0.59095439,0.18833333,0.05660000,0.17083333,0.02200254,0.00000000,3,1,32,82,37,45,1.0,0.5000,1.0000,0.4000,,,0.00,none,deterministic-domain-embedding,production scale and operations;end-to-end ownership;ranking and relevance optimization
CAND_0083852,281,0.47530929,0.41932913,0.64324978,0.18833333,0.02550000,0.17379000,0.03170580,0.00000000,3,1,39,71,0,71,1.0,0.5000,1.0000,0.2000,,,0.00,none,deterministic-domain-embedding,production scale and operations;end-to-end ownership;ranking and relevance optimization
CAND_0084391,282,0.47527283,0.43528453,0.59523773,0.24833333,0.02220000,0.13692667,0.02782453,0.00000000,3,1,31,41,31,10,1.0,0.5000,0.7250,0.0000,,,0.00,none,deterministic-domain-embedding,production scale and operations;end-to-end ownership;ranking and relevance optimization
CAND_0007874,283,0.47490499,0.43047083,0.60820747,0.24833333,0.02090000,0.14215667,0.01908083,0.00000000,3,1,19,44,0,44,1.0,0.5000,1.0000,0.2000,cv_speech_only,,0.00,none,deterministic-domain-embedding,production scale and operations;end-to-end ownership;recommendation and personalization
CAND_0067643,284,0.47481827,0.41846780,0.64386969,0.18833333,0.03290000,0.17804000,0.01919447,0.00000000,3,2,34,71,0,71,1.0,0.5000,1.0000,0.2000,cv_speech_only,,0.00,none,deterministic-domain-embedding,production scale and operations;end-to-end ownership;ranking and relevance optimization
CAND_0046108,285,0.47425703,0.42984437,0.60749500,0.24833333,0.02580000,0.13496000,0.02075103,0.00000000,3,1,24,43,0,43,1.0,0.5000,1.0000,0.0000,,,0.00,none,deterministic-domain-embedding,production scale and operations;end-to-end ownership;recommendation and personalization
CAND_0065927,286,0.47416108,0.43901883,0.57958782,0.24833333,0.02210000,0.15650000,0.01208550,0.00000000,3,1,54,78,0,78,1.0,0.6250,1.0000,0.4000,cv_speech_only,,0.00,none,deterministic-domain-embedding,production scale and operations;end-to-end ownership;ranking and relevance optimization
CAND_0094685,287,0.47389843,0.45037703,0.54446262,0.24833333,0.02100000,0.15153333,0.02951037,0.00000000,3,1,26,41,0,41,1.0,0.6250,1.0000,0.2000,,,0.00,none,deterministic-domain-embedding,production scale and operations;end-to-end ownership;recommendation and personalization
CAND_0077784,288,0.47380716,0.43398233,0.59328164,0.24833333,0.02690000,0.14213333,0.01661567,0.00000000,3,1,14,52,0,52,1.0,0.5000,1.0000,0.4000,cv_speech_only,,0.00,none,deterministic-domain-embedding,production scale and operations;end-to-end ownership;ranking and relevance optimization
CAND_0089726,289,0.47365362,0.42942500,0.60633947,0.24833333,0.02330000,0.13437667,0.02341500,0.00000000,3,1,19,37,0,37,1.0,0.3750,1.0000,0.2000,cv_speech_only,,0.00,none,deterministic-domain-embedding,production scale and operations;end-to-end ownership;recommendation and personalization
CAND_0058152,290,0.47316985,0.42751053,0.61014780,0.24833333,0.02310000,0.13396000,0.02211720,0.00000000,3,1,18,43,0,43,1.0,0.3750,1.0000,0.2000,,,0.00,none,deterministic-domain-embedding,production scale and operations;end-to-end ownership;recommendation and personalization
CAND_0012837,291,0.47253455,0.41985983,0.63055868,0.18833333,0.03440000,0.17237333,0.02475317,0.00000000,3,1,26,76,0,76,1.0,0.5000,1.0000,0.0000,cv_speech_only,,0.00,none,deterministic-domain-embedding,production scale and operations;end-to-end ownership;ranking and relevance optimization
CAND_0086657,292,0.47195889,0.42591933,0.61007755,0.24833333,0.02430000,0.13290667,0.02037933,0.00000000,3,1,16,38,0,38,1.0,0.5000,1.0000,0.4000,,,0.00,none,deterministic-domain-embedding,production scale and operations;end-to-end ownership;ranking and relevance optimization
CAND_0081852,293,0.47188211,0.39369607,0.70644024,0.19333333,0.02180000,0.14946000,0.02910273,0.00000000,1,0,0,70,0,70,1.0,0.6250,1.0000,0.2000,,,0.00,none,deterministic-domain-embedding,production scale and operations;end-to-end ownership;ranking evaluation and experimentation
CAND_0086028,294,0.47109713,0.43384350,0.58285801,0.21783333,0.03440000,0.16476000,0.01685017,0.00000000,3,2,36,72,0,72,1.0,0.5000,1.0000,0.2000,cv_speech_only,,0.00,none,deterministic-domain-embedding,production scale and operations;end-to-end ownership;ranking and relevance optimization
CAND_0023559,295,0.47096664,0.43751618,0.57131803,0.24833333,0.01350000,0.15005000,0.02563285,0.00000000,3,1,27,55,0,55,1.0,0.6250,1.0000,0.2000,,,0.00,none,deterministic-domain-embedding,production scale and operations;end-to-end ownership;recommendation and personalization
CAND_0087766,296,0.47076957,0.43281186,0.58464270,0.24833333,0.04810000,0.11142667,0.02495186,0.00000000,3,1,31,60,0,60,1.0,0.3750,0.8583,0.2000,cv_speech_only,,0.00,none,deterministic-domain-embedding,production scale and operations;end-to-end ownership;ranking and relevance optimization
CAND_0001930,297,0.47042687,0.42898763,0.59474457,0.24833333,0.01350000,0.13926000,0.02789430,0.00000000,3,2,66,81,0,81,1.0,0.6250,1.0000,0.0000,,,0.00,none,deterministic-domain-embedding,production scale and operations;end-to-end ownership;recommendation and personalization
CAND_0074123,298,0.47024337,0.43783335,0.56747345,0.18833333,0.04820000,0.17845667,0.02284335,0.00000000,3,1,31,82,0,82,1.0,0.5000,1.0000,0.2000,,,0.00,none,deterministic-domain-embedding,production scale and operations;end-to-end ownership;ranking and relevance optimization
CAND_0091890,299,0.46995377,0.42386773,0.60821187,0.18833333,0.04140000,0.16579000,0.02834440,0.00000000,3,1,39,55,39,16,1.0,0.5000,1.0000,0.4000,,,0.00,none,deterministic-domain-embedding,production scale and operations;end-to-end ownership;ranking and relevance optimization
CAND_0091580,300,0.46978081,0.43810127,0.56481942,0.18833333,0.04700000,0.17546000,0.02730793,0.00000000,3,1,36,65,0,65,1.0,0.5000,1.0000,0.0000,,,0.00,none,deterministic-domain-embedding,production scale and operations;end-to-end ownership;recommendation and personalization
